geo,name,1953,1954,1955,1956,1957,1958,1959,1960,1961,1962,1963,1964,1965,1966,1967,1968,1969,1970,1971,1972,1973,1974,1975,1976,1977,1978,1979,1980,1981,1982,1983,1984,1985,1986,1987,1988,1989,1990,1991,1992,1993,1994,1995,1996,1997,1998,1999,2000,2001,2002,2003,2004,2005,2006,2007,2008,2009,2010,2011,2012,2013,2014,2015,2016,2017,2018,2019,2020,2021
afg,Afghanistan,Never had a female head of state,Never had a female head of state,Never had a female head of state,Never had a female head of state,Never had a female head of state,Never had a female head of state,Never had a female head of state,Never had a female head of state,Never had a female head of state,Never had a female head of state,Never had a female head of state,Never had a female head of state,Never had a female head of state,Never had a female head of state,Never had a female head of state,Never had a female head of state,Never had a female head of state,Never had a female head of state,Never had a female head of state,Never had a female head of state,Never had a female head of state,Never had a female head of state,Never had a female head of state,Never had a female head of state,Never had a female head of state,Never had a female head of state,Never had a female head of state,Never had a female head of state,Never had a female head of state,Never had a female head of state,Never had a female head of state,Never had a female head of state,Never had a female head of state,Never had a female head of state,Never had a female head of state,Never had a female head of state,Never had a female head of state,Never had a female head of state,Never had a female head of state,Never had a female head of state,Never had a female head of state,Never had a female head of state,Never had a female head of state,Never had a female head of state,Never had a female head of state,Never had a female head of state,Never had a female head of state,Never had a female head of state,Never had a female head of state,Never had a female head of state,Never had a female head of state,Never had a female head of state,Never had a female head of state,Never had a female head of state,Never had a female head of state,Never had a female head of state,Never had a female head of state,Never had a female head of state,Never had a female head of state,Never had a female head of state,Never had a female head of state,Never had a female head of state,Never had a female head of state,Never had a female head of state,Never had a female head of state,Never had a female head of state,Never had a female head of state,Never had a female head of state,Never had a female head of state
ago,Angola,Never had a female head of state,Never had a female head of state,Never had a female head of state,Never had a female head of state,Never had a female head of state,Never had a female head of state,Never had a female head of state,Never had a female head of state,Never had a female head of state,Never had a female head of state,Never had a female head of state,Never had a female head of state,Never had a female head of state,Never had a female head of state,Never had a female head of state,Never had a female head of state,Never had a female head of state,Never had a female head of state,Never had a female head of state,Never had a female head of state,Never had a female head of state,Never had a female head of state,Never had a female head of state,Never had a female head of state,Never had a female head of state,Never had a female head of state,Never had a female head of state,Never had a female head of state,Never had a female head of state,Never had a female head of state,Never had a female head of state,Never had a female head of state,Never had a female head of state,Never had a female head of state,Never had a female head of state,Never had a female head of state,Never had a female head of state,Never had a female head of state,Never had a female head of state,Never had a female head of state,Never had a female head of state,Never had a female head of state,Never had a female head of state,Never had a female head of state,Never had a female head of state,Never had a female head of state,Never had a female head of state,Never had a female head of state,Never had a female head of state,Never had a female head of state,Never had a female head of state,Never had a female head of state,Never had a female head of state,Never had a female head of state,Never had a female head of state,Never had a female head of state,Never had a female head of state,Never had a female head of state,Never had a female head of state,Never had a female head of state,Never had a female head of state,Never had a female head of state,Never had a female head of state,Never had a female head of state,Never had a female head of state,Never had a female head of state,Never had a female head of state,Never had a female head of state,Never had a female head of state
alb,Albania,Never had a female head of state,Never had a female head of state,Never had a female head of state,Never had a female head of state,Never had a female head of state,Never had a female head of state,Never had a female head of state,Never had a female head of state,Never had a female head of state,Never had a female head of state,Never had a female head of state,Never had a female head of state,Never had a female head of state,Never had a female head of state,Never had a female head of state,Never had a female head of state,Never had a female head of state,Never had a female head of state,Never had a female head of state,Never had a female head of state,Never had a female head of state,Never had a female head of state,Never had a female head of state,Never had a female head of state,Never had a female head of state,Never had a female head of state,Never had a female head of state,Never had a female head of state,Never had a female head of state,Never had a female head of state,Never had a female head of state,Never had a female head of state,Never had a female head of state,Never had a female head of state,Never had a female head of state,Never had a female head of state,Never had a female head of state,Never had a female head of state,Never had a female head of state,Never had a female head of state,Never had a female head of state,Never had a female head of state,Never had a female head of state,Never had a female head of state,Never had a female head of state,Never had a female head of state,Never had a female head of state,Never had a female head of state,Never had a female head of state,Never had a female head of state,Never had a female head of state,Never had a female head of state,Never had a female head of state,Never had a female head of state,Never had a female head of state,Never had a female head of state,Never had a female head of state,Never had a female head of state,Never had a female head of state,Never had a female head of state,Never had a female head of state,Never had a female head of state,Never had a female head of state,Never had a female head of state,Never had a female head of state,Never had a female head of state,Never had a female head of state,Never had a female head of state,Never had a female head of state
and,Andorra,Never had a female head of state,Never had a female head of state,Never had a female head of state,Never had a female head of state,Never had a female head of state,Never had a female head of state,Never had a female head of state,Never had a female head of state,Never had a female head of state,Never had a female head of state,Never had a female head of state,Never had a female head of state,Never had a female head of state,Never had a female head of state,Never had a female head of state,Never had a female head of state,Never had a female head of state,Never had a female head of state,Never had a female head of state,Never had a female head of state,Never had a female head of state,Never had a female head of state,Never had a female head of state,Never had a female head of state,Never had a female head of state,Never had a female head of state,Never had a female head of state,Never had a female head of state,Never had a female head of state,Never had a female head of state,Never had a female head of state,Never had a female head of state,Never had a female head of state,Never had a female head of state,Never had a female head of state,Never had a female head of state,Never had a female head of state,Never had a female head of state,Never had a female head of state,Never had a female head of state,Never had a female head of state,Never had a female head of state,Never had a female head of state,Never had a female head of state,Never had a female head of state,Never had a female head of state,Never had a female head of state,Never had a female head of state,Never had a female head of state,Never had a female head of state,Never had a female head of state,Never had a female head of state,Never had a female head of state,Never had a female head of state,Never had a female head of state,Never had a female head of state,Never had a female head of state,Never had a female head of state,Never had a female head of state,Never had a female head of state,Never had a female head of state,Never had a female head of state,Never had a female head of state,Never had a female head of state,Never had a female head of state,Never had a female head of state,Never had a female head of state,Never had a female head of state,Never had a female head of state
are,UAE,Never had a female head of state,Never had a female head of state,Never had a female head of state,Never had a female head of state,Never had a female head of state,Never had a female head of state,Never had a female head of state,Never had a female head of state,Never had a female head of state,Never had a female head of state,Never had a female head of state,Never had a female head of state,Never had a female head of state,Never had a female head of state,Never had a female head of state,Never had a female head of state,Never had a female head of state,Never had a female head of state,Never had a female head of state,Never had a female head of state,Never had a female head of state,Never had a female head of state,Never had a female head of state,Never had a female head of state,Never had a female head of state,Never had a female head of state,Never had a female head of state,Never had a female head of state,Never had a female head of state,Never had a female head of state,Never had a female head of state,Never had a female head of state,Never had a female head of state,Never had a female head of state,Never had a female head of state,Never had a female head of state,Never had a female head of state,Never had a female head of state,Never had a female head of state,Never had a female head of state,Never had a female head of state,Never had a female head of state,Never had a female head of state,Never had a female head of state,Never had a female head of state,Never had a female head of state,Never had a female head of state,Never had a female head of state,Never had a female head of state,Never had a female head of state,Never had a female head of state,Never had a female head of state,Never had a female head of state,Never had a female head of state,Never had a female head of state,Never had a female head of state,Never had a female head of state,Never had a female head of state,Never had a female head of state,Never had a female head of state,Never had a female head of state,Never had a female head of state,Never had a female head of state,Never had a female head of state,Never had a female head of state,Never had a female head of state,Never had a female head of state,Never had a female head of state,Never had a female head of state
arg,Argentina,Never had a female head of state,Never had a female head of state,Never had a female head of state,Never had a female head of state,Never had a female head of state,Never had a female head of state,Never had a female head of state,Never had a female head of state,Never had a female head of state,Never had a female head of state,Never had a female head of state,Never had a female head of state,Never had a female head of state,Never had a female head of state,Never had a female head of state,Never had a female head of state,Never had a female head of state,Never had a female head of state,Never had a female head of state,Never had a female head of state,Never had a female head of state,Had a female head of state,Had a female head of state,Had a female head of state,Had a female head of state,Had a female head of state,Had a female head of state,Had a female head of state,Had a female head of state,Had a female head of state,Had a female head of state,Had a female head of state,Had a female head of state,Had a female head of state,Had a female head of state,Had a female head of state,Had a female head of state,Had a female head of state,Had a female head of state,Had a female head of state,Had a female head of state,Had a female head of state,Had a female head of state,Had a female head of state,Had a female head of state,Had a female head of state,Had a female head of state,Had a female head of state,Had a female head of state,Had a female head of state,Had a female head of state,Had a female head of state,Had a female head of state,Had a female head of state,Had a female head of state,Had a female head of state,Had a female head of state,Had a female head of state,Had a female head of state,Had a female head of state,Had a female head of state,Had a female head of state,Had a female head of state,Had a female head of state,Had a female head of state,Had a female head of state,Had a female head of state,,
arm,Armenia,Never had a female head of state,Never had a female head of state,Never had a female head of state,Never had a female head of state,Never had a female head of state,Never had a female head of state,Never had a female head of state,Never had a female head of state,Never had a female head of state,Never had a female head of state,Never had a female head of state,Never had a female head of state,Never had a female head of state,Never had a female head of state,Never had a female head of state,Never had a female head of state,Never had a female head of state,Never had a female head of state,Never had a female head of state,Never had a female head of state,Never had a female head of state,Never had a female head of state,Never had a female head of state,Never had a female head of state,Never had a female head of state,Never had a female head of state,Never had a female head of state,Never had a female head of state,Never had a female head of state,Never had a female head of state,Never had a female head of state,Never had a female head of state,Never had a female head of state,Never had a female head of state,Never had a female head of state,Never had a female head of state,Never had a female head of state,Never had a female head of state,Never had a female head of state,Never had a female head of state,Never had a female head of state,Never had a female head of state,Never had a female head of state,Never had a female head of state,Never had a female head of state,Never had a female head of state,Never had a female head of state,Never had a female head of state,Never had a female head of state,Never had a female head of state,Never had a female head of state,Never had a female head of state,Never had a female head of state,Never had a female head of state,Never had a female head of state,Never had a female head of state,Never had a female head of state,Never had a female head of state,Never had a female head of state,Never had a female head of state,Never had a female head of state,Never had a female head of state,Never had a female head of state,Never had a female head of state,Never had a female head of state,Never had a female head of state,Never had a female head of state,Never had a female head of state,Never had a female head of state
atg,Antigua and Barbuda,Never had a female head of state,Never had a female head of state,Never had a female head of state,Never had a female head of state,Never had a female head of state,Never had a female head of state,Never had a female head of state,Never had a female head of state,Never had a female head of state,Never had a female head of state,Never had a female head of state,Never had a female head of state,Never had a female head of state,Never had a female head of state,Never had a female head of state,Never had a female head of state,Never had a female head of state,Never had a female head of state,Never had a female head of state,Never had a female head of state,Never had a female head of state,Never had a female head of state,Never had a female head of state,Never had a female head of state,Never had a female head of state,Never had a female head of state,Never had a female head of state,Never had a female head of state,Never had a female head of state,Never had a female head of state,Never had a female head of state,Never had a female head of state,Never had a female head of state,Never had a female head of state,Never had a female head of state,Never had a female head of state,Never had a female head of state,Never had a female head of state,Never had a female head of state,Never had a female head of state,Never had a female head of state,Never had a female head of state,Never had a female head of state,Never had a female head of state,Never had a female head of state,Never had a female head of state,Never had a female head of state,Never had a female head of state,Never had a female head of state,Never had a female head of state,Never had a female head of state,Never had a female head of state,Never had a female head of state,Never had a female head of state,Never had a female head of state,Never had a female head of state,Never had a female head of state,Never had a female head of state,Never had a female head of state,Never had a female head of state,Never had a female head of state,Never had a female head of state,Never had a female head of state,Never had a female head of state,Never had a female head of state,Never had a female head of state,Never had a female head of state,Never had a female head of state,Never had a female head of state
aus,Australia,Never had a female head of state,Never had a female head of state,Never had a female head of state,Never had a female head of state,Never had a female head of state,Never had a female head of state,Never had a female head of state,Never had a female head of state,Never had a female head of state,Never had a female head of state,Never had a female head of state,Never had a female head of state,Never had a female head of state,Never had a female head of state,Never had a female head of state,Never had a female head of state,Never had a female head of state,Never had a female head of state,Never had a female head of state,Never had a female head of state,Never had a female head of state,Never had a female head of state,Never had a female head of state,Never had a female head of state,Never had a female head of state,Never had a female head of state,Never had a female head of state,Never had a female head of state,Never had a female head of state,Never had a female head of state,Never had a female head of state,Never had a female head of state,Never had a female head of state,Never had a female head of state,Never had a female head of state,Never had a female head of state,Never had a female head of state,Never had a female head of state,Never had a female head of state,Never had a female head of state,Never had a female head of state,Never had a female head of state,Never had a female head of state,Never had a female head of state,Never had a female head of state,Never had a female head of state,Never had a female head of state,Never had a female head of state,Never had a female head of state,Never had a female head of state,Never had a female head of state,Never had a female head of state,Never had a female head of state,Never had a female head of state,Never had a female head of state,Never had a female head of state,Never had a female head of state,Had a female head of state,Had a female head of state,Had a female head of state,Had a female head of state,Had a female head of state,Had a female head of state,Had a female head of state,Had a female head of state,Had a female head of state,Had a female head of state,,
aut,Austria,Never had a female head of state,Never had a female head of state,Never had a female head of state,Never had a female head of state,Never had a female head of state,Never had a female head of state,Never had a female head of state,Never had a female head of state,Never had a female head of state,Never had a female head of state,Never had a female head of state,Never had a female head of state,Never had a female head of state,Never had a female head of state,Never had a female head of state,Never had a female head of state,Never had a female head of state,Never had a female head of state,Never had a female head of state,Never had a female head of state,Never had a female head of state,Never had a female head of state,Never had a female head of state,Never had a female head of state,Never had a female head of state,Never had a female head of state,Never had a female head of state,Never had a female head of state,Never had a female head of state,Never had a female head of state,Never had a female head of state,Never had a female head of state,Never had a female head of state,Never had a female head of state,Never had a female head of state,Never had a female head of state,Never had a female head of state,Never had a female head of state,Never had a female head of state,Never had a female head of state,Never had a female head of state,Never had a female head of state,Never had a female head of state,Never had a female head of state,Never had a female head of state,Never had a female head of state,Never had a female head of state,Never had a female head of state,Never had a female head of state,Never had a female head of state,Never had a female head of state,Had a female head of state,Had a female head of state,Had a female head of state,Had a female head of state,Had a female head of state,Had a female head of state,Had a female head of state,Had a female head of state,Had a female head of state,Had a female head of state,Had a female head of state,Had a female head of state,Had a female head of state,Had a female head of state,Had a female head of state,Had a female head of state,,
aze,Azerbaijan,Never had a female head of state,Never had a female head of state,Never had a female head of state,Never had a female head of state,Never had a female head of state,Never had a female head of state,Never had a female head of state,Never had a female head of state,Never had a female head of state,Never had a female head of state,Never had a female head of state,Never had a female head of state,Never had a female head of state,Never had a female head of state,Never had a female head of state,Never had a female head of state,Never had a female head of state,Never had a female head of state,Never had a female head of state,Never had a female head of state,Never had a female head of state,Never had a female head of state,Never had a female head of state,Never had a female head of state,Never had a female head of state,Never had a female head of state,Never had a female head of state,Never had a female head of state,Never had a female head of state,Never had a female head of state,Never had a female head of state,Never had a female head of state,Never had a female head of state,Never had a female head of state,Never had a female head of state,Never had a female head of state,Never had a female head of state,Never had a female head of state,Never had a female head of state,Never had a female head of state,Never had a female head of state,Never had a female head of state,Never had a female head of state,Never had a female head of state,Never had a female head of state,Never had a female head of state,Never had a female head of state,Never had a female head of state,Never had a female head of state,Never had a female head of state,Never had a female head of state,Never had a female head of state,Never had a female head of state,Never had a female head of state,Never had a female head of state,Never had a female head of state,Never had a female head of state,Never had a female head of state,Never had a female head of state,Never had a female head of state,Never had a female head of state,Never had a female head of state,Never had a female head of state,Never had a female head of state,Never had a female head of state,Never had a female head of state,Never had a female head of state,Never had a female head of state,Never had a female head of state
bdi,Burundi,Never had a female head of state,Never had a female head of state,Never had a female head of state,Never had a female head of state,Never had a female head of state,Never had a female head of state,Never had a female head of state,Never had a female head of state,Never had a female head of state,Never had a female head of state,Never had a female head of state,Never had a female head of state,Never had a female head of state,Never had a female head of state,Never had a female head of state,Never had a female head of state,Never had a female head of state,Never had a female head of state,Never had a female head of state,Never had a female head of state,Never had a female head of state,Never had a female head of state,Never had a female head of state,Never had a female head of state,Never had a female head of state,Never had a female head of state,Never had a female head of state,Never had a female head of state,Never had a female head of state,Never had a female head of state,Never had a female head of state,Never had a female head of state,Never had a female head of state,Never had a female head of state,Never had a female head of state,Never had a female head of state,Never had a female head of state,Never had a female head of state,Never had a female head of state,Never had a female head of state,Had a female head of state,Had a female head of state,Had a female head of state,Had a female head of state,Had a female head of state,Had a female head of state,Had a female head of state,Had a female head of state,Had a female head of state,Had a female head of state,Had a female head of state,Had a female head of state,Had a female head of state,Had a female head of state,Had a female head of state,Had a female head of state,Had a female head of state,Had a female head of state,Had a female head of state,Had a female head of state,Had a female head of state,Had a female head of state,Had a female head of state,Had a female head of state,Had a female head of state,Had a female head of state,Had a female head of state,,
bel,Belgium,Never had a female head of state,Never had a female head of state,Never had a female head of state,Never had a female head of state,Never had a female head of state,Never had a female head of state,Never had a female head of state,Never had a female head of state,Never had a female head of state,Never had a female head of state,Never had a female head of state,Never had a female head of state,Never had a female head of state,Never had a female head of state,Never had a female head of state,Never had a female head of state,Never had a female head of state,Never had a female head of state,Never had a female head of state,Never had a female head of state,Never had a female head of state,Never had a female head of state,Never had a female head of state,Never had a female head of state,Never had a female head of state,Never had a female head of state,Never had a female head of state,Never had a female head of state,Never had a female head of state,Never had a female head of state,Never had a female head of state,Never had a female head of state,Never had a female head of state,Never had a female head of state,Never had a female head of state,Never had a female head of state,Never had a female head of state,Never had a female head of state,Never had a female head of state,Never had a female head of state,Never had a female head of state,Never had a female head of state,Never had a female head of state,Never had a female head of state,Never had a female head of state,Never had a female head of state,Never had a female head of state,Never had a female head of state,Never had a female head of state,Never had a female head of state,Never had a female head of state,Never had a female head of state,Never had a female head of state,Never had a female head of state,Never had a female head of state,Never had a female head of state,Never had a female head of state,Never had a female head of state,Never had a female head of state,Never had a female head of state,Never had a female head of state,Never had a female head of state,Never had a female head of state,Never had a female head of state,Never had a female head of state,Never had a female head of state,Had a female head of state,,
ben,Benin,Never had a female head of state,Never had a female head of state,Never had a female head of state,Never had a female head of state,Never had a female head of state,Never had a female head of state,Never had a female head of state,Never had a female head of state,Never had a female head of state,Never had a female head of state,Never had a female head of state,Never had a female head of state,Never had a female head of state,Never had a female head of state,Never had a female head of state,Never had a female head of state,Never had a female head of state,Never had a female head of state,Never had a female head of state,Never had a female head of state,Never had a female head of state,Never had a female head of state,Never had a female head of state,Never had a female head of state,Never had a female head of state,Never had a female head of state,Never had a female head of state,Never had a female head of state,Never had a female head of state,Never had a female head of state,Never had a female head of state,Never had a female head of state,Never had a female head of state,Never had a female head of state,Never had a female head of state,Never had a female head of state,Never had a female head of state,Never had a female head of state,Never had a female head of state,Never had a female head of state,Never had a female head of state,Never had a female head of state,Never had a female head of state,Never had a female head of state,Never had a female head of state,Never had a female head of state,Never had a female head of state,Never had a female head of state,Never had a female head of state,Never had a female head of state,Never had a female head of state,Never had a female head of state,Never had a female head of state,Never had a female head of state,Never had a female head of state,Never had a female head of state,Never had a female head of state,Never had a female head of state,Never had a female head of state,Never had a female head of state,Never had a female head of state,Never had a female head of state,Never had a female head of state,Never had a female head of state,Never had a female head of state,Never had a female head of state,Never had a female head of state,Never had a female head of state,Never had a female head of state
bfa,Burkina Faso,Never had a female head of state,Never had a female head of state,Never had a female head of state,Never had a female head of state,Never had a female head of state,Never had a female head of state,Never had a female head of state,Never had a female head of state,Never had a female head of state,Never had a female head of state,Never had a female head of state,Never had a female head of state,Never had a female head of state,Never had a female head of state,Never had a female head of state,Never had a female head of state,Never had a female head of state,Never had a female head of state,Never had a female head of state,Never had a female head of state,Never had a female head of state,Never had a female head of state,Never had a female head of state,Never had a female head of state,Never had a female head of state,Never had a female head of state,Never had a female head of state,Never had a female head of state,Never had a female head of state,Never had a female head of state,Never had a female head of state,Never had a female head of state,Never had a female head of state,Never had a female head of state,Never had a female head of state,Never had a female head of state,Never had a female head of state,Never had a female head of state,Never had a female head of state,Never had a female head of state,Never had a female head of state,Never had a female head of state,Never had a female head of state,Never had a female head of state,Never had a female head of state,Never had a female head of state,Never had a female head of state,Never had a female head of state,Never had a female head of state,Never had a female head of state,Never had a female head of state,Never had a female head of state,Never had a female head of state,Never had a female head of state,Never had a female head of state,Never had a female head of state,Never had a female head of state,Never had a female head of state,Never had a female head of state,Never had a female head of state,Never had a female head of state,Never had a female head of state,Never had a female head of state,Never had a female head of state,Never had a female head of state,Never had a female head of state,Never had a female head of state,Never had a female head of state,Never had a female head of state
bgd,Bangladesh,Never had a female head of state,Never had a female head of state,Never had a female head of state,Never had a female head of state,Never had a female head of state,Never had a female head of state,Never had a female head of state,Never had a female head of state,Never had a female head of state,Never had a female head of state,Never had a female head of state,Never had a female head of state,Never had a female head of state,Never had a female head of state,Never had a female head of state,Never had a female head of state,Never had a female head of state,Never had a female head of state,Never had a female head of state,Never had a female head of state,Never had a female head of state,Never had a female head of state,Never had a female head of state,Never had a female head of state,Never had a female head of state,Never had a female head of state,Never had a female head of state,Never had a female head of state,Never had a female head of state,Never had a female head of state,Never had a female head of state,Never had a female head of state,Never had a female head of state,Never had a female head of state,Never had a female head of state,Never had a female head of state,Never had a female head of state,Never had a female head of state,Had a female head of state,Had a female head of state,Had a female head of state,Had a female head of state,Had a female head of state,Had a female head of state,Had a female head of state,Had a female head of state,Had a female head of state,Had a female head of state,Had a female head of state,Had a female head of state,Had a female head of state,Had a female head of state,Had a female head of state,Had a female head of state,Had a female head of state,Had a female head of state,Had a female head of state,Had a female head of state,Had a female head of state,Had a female head of state,Had a female head of state,Had a female head of state,Had a female head of state,Had a female head of state,Had a female head of state,Had a female head of state,Had a female head of state,,
bgr,Bulgaria,Never had a female head of state,Never had a female head of state,Never had a female head of state,Never had a female head of state,Never had a female head of state,Never had a female head of state,Never had a female head of state,Never had a female head of state,Never had a female head of state,Never had a female head of state,Never had a female head of state,Never had a female head of state,Never had a female head of state,Never had a female head of state,Never had a female head of state,Never had a female head of state,Never had a female head of state,Never had a female head of state,Never had a female head of state,Never had a female head of state,Never had a female head of state,Never had a female head of state,Never had a female head of state,Never had a female head of state,Never had a female head of state,Never had a female head of state,Never had a female head of state,Never had a female head of state,Never had a female head of state,Never had a female head of state,Never had a female head of state,Never had a female head of state,Never had a female head of state,Never had a female head of state,Never had a female head of state,Never had a female head of state,Never had a female head of state,Never had a female head of state,Never had a female head of state,Never had a female head of state,Never had a female head of state,Had a female head of state,Had a female head of state,Had a female head of state,Had a female head of state,Had a female head of state,Had a female head of state,Had a female head of state,Had a female head of state,Had a female head of state,Had a female head of state,Had a female head of state,Had a female head of state,Had a female head of state,Had a female head of state,Had a female head of state,Had a female head of state,Had a female head of state,Had a female head of state,Had a female head of state,Had a female head of state,Had a female head of state,Had a female head of state,Had a female head of state,Had a female head of state,Had a female head of state,Had a female head of state,,
bhr,Bahrain,Never had a female head of state,Never had a female head of state,Never had a female head of state,Never had a female head of state,Never had a female head of state,Never had a female head of state,Never had a female head of state,Never had a female head of state,Never had a female head of state,Never had a female head of state,Never had a female head of state,Never had a female head of state,Never had a female head of state,Never had a female head of state,Never had a female head of state,Never had a female head of state,Never had a female head of state,Never had a female head of state,Never had a female head of state,Never had a female head of state,Never had a female head of state,Never had a female head of state,Never had a female head of state,Never had a female head of state,Never had a female head of state,Never had a female head of state,Never had a female head of state,Never had a female head of state,Never had a female head of state,Never had a female head of state,Never had a female head of state,Never had a female head of state,Never had a female head of state,Never had a female head of state,Never had a female head of state,Never had a female head of state,Never had a female head of state,Never had a female head of state,Never had a female head of state,Never had a female head of state,Never had a female head of state,Never had a female head of state,Never had a female head of state,Never had a female head of state,Never had a female head of state,Never had a female head of state,Never had a female head of state,Never had a female head of state,Never had a female head of state,Never had a female head of state,Never had a female head of state,Never had a female head of state,Never had a female head of state,Never had a female head of state,Never had a female head of state,Never had a female head of state,Never had a female head of state,Never had a female head of state,Never had a female head of state,Never had a female head of state,Never had a female head of state,Never had a female head of state,Never had a female head of state,Never had a female head of state,Never had a female head of state,Never had a female head of state,Never had a female head of state,Never had a female head of state,Never had a female head of state
bhs,Bahamas,Never had a female head of state,Never had a female head of state,Never had a female head of state,Never had a female head of state,Never had a female head of state,Never had a female head of state,Never had a female head of state,Never had a female head of state,Never had a female head of state,Never had a female head of state,Never had a female head of state,Never had a female head of state,Never had a female head of state,Never had a female head of state,Never had a female head of state,Never had a female head of state,Never had a female head of state,Never had a female head of state,Never had a female head of state,Never had a female head of state,Never had a female head of state,Never had a female head of state,Never had a female head of state,Never had a female head of state,Never had a female head of state,Never had a female head of state,Never had a female head of state,Never had a female head of state,Never had a female head of state,Never had a female head of state,Never had a female head of state,Never had a female head of state,Never had a female head of state,Never had a female head of state,Never had a female head of state,Never had a female head of state,Never had a female head of state,Never had a female head of state,Never had a female head of state,Never had a female head of state,Never had a female head of state,Never had a female head of state,Never had a female head of state,Never had a female head of state,Never had a female head of state,Never had a female head of state,Never had a female head of state,Never had a female head of state,Never had a female head of state,Never had a female head of state,Never had a female head of state,Never had a female head of state,Never had a female head of state,Never had a female head of state,Never had a female head of state,Never had a female head of state,Never had a female head of state,Never had a female head of state,Never had a female head of state,Never had a female head of state,Never had a female head of state,Never had a female head of state,Never had a female head of state,Never had a female head of state,Never had a female head of state,Never had a female head of state,Never had a female head of state,Never had a female head of state,Never had a female head of state
bih,Bosnia and Herzegovina,Never had a female head of state,Never had a female head of state,Never had a female head of state,Never had a female head of state,Never had a female head of state,Never had a female head of state,Never had a female head of state,Never had a female head of state,Never had a female head of state,Never had a female head of state,Never had a female head of state,Never had a female head of state,Never had a female head of state,Never had a female head of state,Never had a female head of state,Never had a female head of state,Never had a female head of state,Never had a female head of state,Never had a female head of state,Never had a female head of state,Never had a female head of state,Never had a female head of state,Never had a female head of state,Never had a female head of state,Never had a female head of state,Never had a female head of state,Never had a female head of state,Never had a female head of state,Never had a female head of state,Never had a female head of state,Never had a female head of state,Never had a female head of state,Never had a female head of state,Never had a female head of state,Never had a female head of state,Never had a female head of state,Never had a female head of state,Never had a female head of state,Never had a female head of state,Never had a female head of state,Never had a female head of state,Never had a female head of state,Never had a female head of state,Never had a female head of state,Never had a female head of state,Never had a female head of state,Never had a female head of state,Never had a female head of state,Never had a female head of state,Never had a female head of state,Never had a female head of state,Never had a female head of state,Never had a female head of state,Never had a female head of state,Never had a female head of state,Never had a female head of state,Never had a female head of state,Never had a female head of state,Never had a female head of state,Never had a female head of state,Never had a female head of state,Never had a female head of state,Never had a female head of state,Never had a female head of state,Never had a female head of state,Never had a female head of state,Never had a female head of state,Never had a female head of state,Never had a female head of state
blr,Belarus,Never had a female head of state,Never had a female head of state,Never had a female head of state,Never had a female head of state,Never had a female head of state,Never had a female head of state,Never had a female head of state,Never had a female head of state,Never had a female head of state,Never had a female head of state,Never had a female head of state,Never had a female head of state,Never had a female head of state,Never had a female head of state,Never had a female head of state,Never had a female head of state,Never had a female head of state,Never had a female head of state,Never had a female head of state,Never had a female head of state,Never had a female head of state,Never had a female head of state,Never had a female head of state,Never had a female head of state,Never had a female head of state,Never had a female head of state,Never had a female head of state,Never had a female head of state,Never had a female head of state,Never had a female head of state,Never had a female head of state,Never had a female head of state,Never had a female head of state,Never had a female head of state,Never had a female head of state,Never had a female head of state,Never had a female head of state,Never had a female head of state,Never had a female head of state,Never had a female head of state,Never had a female head of state,Never had a female head of state,Never had a female head of state,Never had a female head of state,Never had a female head of state,Never had a female head of state,Never had a female head of state,Never had a female head of state,Never had a female head of state,Never had a female head of state,Never had a female head of state,Never had a female head of state,Never had a female head of state,Never had a female head of state,Never had a female head of state,Never had a female head of state,Never had a female head of state,Never had a female head of state,Never had a female head of state,Never had a female head of state,Never had a female head of state,Never had a female head of state,Never had a female head of state,Never had a female head of state,Never had a female head of state,Never had a female head of state,Never had a female head of state,Never had a female head of state,Never had a female head of state
blz,Belize,Never had a female head of state,Never had a female head of state,Never had a female head of state,Never had a female head of state,Never had a female head of state,Never had a female head of state,Never had a female head of state,Never had a female head of state,Never had a female head of state,Never had a female head of state,Never had a female head of state,Never had a female head of state,Never had a female head of state,Never had a female head of state,Never had a female head of state,Never had a female head of state,Never had a female head of state,Never had a female head of state,Never had a female head of state,Never had a female head of state,Never had a female head of state,Never had a female head of state,Never had a female head of state,Never had a female head of state,Never had a female head of state,Never had a female head of state,Never had a female head of state,Never had a female head of state,Never had a female head of state,Never had a female head of state,Never had a female head of state,Never had a female head of state,Never had a female head of state,Never had a female head of state,Never had a female head of state,Never had a female head of state,Never had a female head of state,Never had a female head of state,Never had a female head of state,Never had a female head of state,Never had a female head of state,Never had a female head of state,Never had a female head of state,Never had a female head of state,Never had a female head of state,Never had a female head of state,Never had a female head of state,Never had a female head of state,Never had a female head of state,Never had a female head of state,Never had a female head of state,Never had a female head of state,Never had a female head of state,Never had a female head of state,Never had a female head of state,Never had a female head of state,Never had a female head of state,Never had a female head of state,Never had a female head of state,Never had a female head of state,Never had a female head of state,Never had a female head of state,Never had a female head of state,Never had a female head of state,Never had a female head of state,Never had a female head of state,Never had a female head of state,Never had a female head of state,Never had a female head of state
bol,Bolivia,Never had a female head of state,Never had a female head of state,Never had a female head of state,Never had a female head of state,Never had a female head of state,Never had a female head of state,Never had a female head of state,Never had a female head of state,Never had a female head of state,Never had a female head of state,Never had a female head of state,Never had a female head of state,Never had a female head of state,Never had a female head of state,Never had a female head of state,Never had a female head of state,Never had a female head of state,Never had a female head of state,Never had a female head of state,Never had a female head of state,Never had a female head of state,Never had a female head of state,Never had a female head of state,Never had a female head of state,Never had a female head of state,Never had a female head of state,Had a female head of state,Had a female head of state,Had a female head of state,Had a female head of state,Had a female head of state,Had a female head of state,Had a female head of state,Had a female head of state,Had a female head of state,Had a female head of state,Had a female head of state,Had a female head of state,Had a female head of state,Had a female head of state,Had a female head of state,Had a female head of state,Had a female head of state,Had a female head of state,Had a female head of state,Had a female head of state,Had a female head of state,Had a female head of state,Had a female head of state,Had a female head of state,Had a female head of state,Had a female head of state,Had a female head of state,Had a female head of state,Had a female head of state,Had a female head of state,Had a female head of state,Had a female head of state,Had a female head of state,Had a female head of state,Had a female head of state,Had a female head of state,Had a female head of state,Had a female head of state,Had a female head of state,Had a female head of state,Had a female head of state,,
bra,Brazil,Never had a female head of state,Never had a female head of state,Never had a female head of state,Never had a female head of state,Never had a female head of state,Never had a female head of state,Never had a female head of state,Never had a female head of state,Never had a female head of state,Never had a female head of state,Never had a female head of state,Never had a female head of state,Never had a female head of state,Never had a female head of state,Never had a female head of state,Never had a female head of state,Never had a female head of state,Never had a female head of state,Never had a female head of state,Never had a female head of state,Never had a female head of state,Never had a female head of state,Never had a female head of state,Never had a female head of state,Never had a female head of state,Never had a female head of state,Never had a female head of state,Never had a female head of state,Never had a female head of state,Never had a female head of state,Never had a female head of state,Never had a female head of state,Never had a female head of state,Never had a female head of state,Never had a female head of state,Never had a female head of state,Never had a female head of state,Never had a female head of state,Never had a female head of state,Never had a female head of state,Never had a female head of state,Never had a female head of state,Never had a female head of state,Never had a female head of state,Never had a female head of state,Never had a female head of state,Never had a female head of state,Never had a female head of state,Never had a female head of state,Never had a female head of state,Never had a female head of state,Never had a female head of state,Never had a female head of state,Never had a female head of state,Never had a female head of state,Never had a female head of state,Never had a female head of state,Never had a female head of state,Had a female head of state,Had a female head of state,Had a female head of state,Had a female head of state,Had a female head of state,Had a female head of state,Had a female head of state,Had a female head of state,Had a female head of state,,
brb,Barbados,Never had a female head of state,Never had a female head of state,Never had a female head of state,Never had a female head of state,Never had a female head of state,Never had a female head of state,Never had a female head of state,Never had a female head of state,Never had a female head of state,Never had a female head of state,Never had a female head of state,Never had a female head of state,Never had a female head of state,Never had a female head of state,Never had a female head of state,Never had a female head of state,Never had a female head of state,Never had a female head of state,Never had a female head of state,Never had a female head of state,Never had a female head of state,Never had a female head of state,Never had a female head of state,Never had a female head of state,Never had a female head of state,Never had a female head of state,Never had a female head of state,Never had a female head of state,Never had a female head of state,Never had a female head of state,Never had a female head of state,Never had a female head of state,Never had a female head of state,Never had a female head of state,Never had a female head of state,Never had a female head of state,Never had a female head of state,Never had a female head of state,Never had a female head of state,Never had a female head of state,Never had a female head of state,Never had a female head of state,Never had a female head of state,Never had a female head of state,Never had a female head of state,Never had a female head of state,Never had a female head of state,Never had a female head of state,Never had a female head of state,Never had a female head of state,Never had a female head of state,Never had a female head of state,Never had a female head of state,Never had a female head of state,Never had a female head of state,Never had a female head of state,Never had a female head of state,Never had a female head of state,Never had a female head of state,Never had a female head of state,Never had a female head of state,Never had a female head of state,Never had a female head of state,Never had a female head of state,Never had a female head of state,Had a female head of state,Had a female head of state,,
brn,Brunei,Never had a female head of state,Never had a female head of state,Never had a female head of state,Never had a female head of state,Never had a female head of state,Never had a female head of state,Never had a female head of state,Never had a female head of state,Never had a female head of state,Never had a female head of state,Never had a female head of state,Never had a female head of state,Never had a female head of state,Never had a female head of state,Never had a female head of state,Never had a female head of state,Never had a female head of state,Never had a female head of state,Never had a female head of state,Never had a female head of state,Never had a female head of state,Never had a female head of state,Never had a female head of state,Never had a female head of state,Never had a female head of state,Never had a female head of state,Never had a female head of state,Never had a female head of state,Never had a female head of state,Never had a female head of state,Never had a female head of state,Never had a female head of state,Never had a female head of state,Never had a female head of state,Never had a female head of state,Never had a female head of state,Never had a female head of state,Never had a female head of state,Never had a female head of state,Never had a female head of state,Never had a female head of state,Never had a female head of state,Never had a female head of state,Never had a female head of state,Never had a female head of state,Never had a female head of state,Never had a female head of state,Never had a female head of state,Never had a female head of state,Never had a female head of state,Never had a female head of state,Never had a female head of state,Never had a female head of state,Never had a female head of state,Never had a female head of state,Never had a female head of state,Never had a female head of state,Never had a female head of state,Never had a female head of state,Never had a female head of state,Never had a female head of state,Never had a female head of state,Never had a female head of state,Never had a female head of state,Never had a female head of state,Never had a female head of state,Never had a female head of state,Never had a female head of state,Never had a female head of state
btn,Bhutan,Never had a female head of state,Never had a female head of state,Never had a female head of state,Never had a female head of state,Never had a female head of state,Never had a female head of state,Never had a female head of state,Never had a female head of state,Never had a female head of state,Never had a female head of state,Never had a female head of state,Never had a female head of state,Never had a female head of state,Never had a female head of state,Never had a female head of state,Never had a female head of state,Never had a female head of state,Never had a female head of state,Never had a female head of state,Never had a female head of state,Never had a female head of state,Never had a female head of state,Never had a female head of state,Never had a female head of state,Never had a female head of state,Never had a female head of state,Never had a female head of state,Never had a female head of state,Never had a female head of state,Never had a female head of state,Never had a female head of state,Never had a female head of state,Never had a female head of state,Never had a female head of state,Never had a female head of state,Never had a female head of state,Never had a female head of state,Never had a female head of state,Never had a female head of state,Never had a female head of state,Never had a female head of state,Never had a female head of state,Never had a female head of state,Never had a female head of state,Never had a female head of state,Never had a female head of state,Never had a female head of state,Never had a female head of state,Never had a female head of state,Never had a female head of state,Never had a female head of state,Never had a female head of state,Never had a female head of state,Never had a female head of state,Never had a female head of state,Never had a female head of state,Never had a female head of state,Never had a female head of state,Never had a female head of state,Never had a female head of state,Never had a female head of state,Never had a female head of state,Never had a female head of state,Never had a female head of state,Never had a female head of state,Never had a female head of state,Never had a female head of state,Never had a female head of state,Never had a female head of state
bwa,Botswana,Never had a female head of state,Never had a female head of state,Never had a female head of state,Never had a female head of state,Never had a female head of state,Never had a female head of state,Never had a female head of state,Never had a female head of state,Never had a female head of state,Never had a female head of state,Never had a female head of state,Never had a female head of state,Never had a female head of state,Never had a female head of state,Never had a female head of state,Never had a female head of state,Never had a female head of state,Never had a female head of state,Never had a female head of state,Never had a female head of state,Never had a female head of state,Never had a female head of state,Never had a female head of state,Never had a female head of state,Never had a female head of state,Never had a female head of state,Never had a female head of state,Never had a female head of state,Never had a female head of state,Never had a female head of state,Never had a female head of state,Never had a female head of state,Never had a female head of state,Never had a female head of state,Never had a female head of state,Never had a female head of state,Never had a female head of state,Never had a female head of state,Never had a female head of state,Never had a female head of state,Never had a female head of state,Never had a female head of state,Never had a female head of state,Never had a female head of state,Never had a female head of state,Never had a female head of state,Never had a female head of state,Never had a female head of state,Never had a female head of state,Never had a female head of state,Never had a female head of state,Never had a female head of state,Never had a female head of state,Never had a female head of state,Never had a female head of state,Never had a female head of state,Never had a female head of state,Never had a female head of state,Never had a female head of state,Never had a female head of state,Never had a female head of state,Never had a female head of state,Never had a female head of state,Never had a female head of state,Never had a female head of state,Never had a female head of state,Never had a female head of state,Never had a female head of state,Never had a female head of state
caf,Central African Republic,Never had a female head of state,Never had a female head of state,Never had a female head of state,Never had a female head of state,Never had a female head of state,Never had a female head of state,Never had a female head of state,Never had a female head of state,Never had a female head of state,Never had a female head of state,Never had a female head of state,Never had a female head of state,Never had a female head of state,Never had a female head of state,Never had a female head of state,Never had a female head of state,Never had a female head of state,Never had a female head of state,Never had a female head of state,Never had a female head of state,Never had a female head of state,Never had a female head of state,Had a female head of state,Had a female head of state,Had a female head of state,Had a female head of state,Had a female head of state,Had a female head of state,Had a female head of state,Had a female head of state,Had a female head of state,Had a female head of state,Had a female head of state,Had a female head of state,Had a female head of state,Had a female head of state,Had a female head of state,Had a female head of state,Had a female head of state,Had a female head of state,Had a female head of state,Had a female head of state,Had a female head of state,Had a female head of state,Had a female head of state,Had a female head of state,Had a female head of state,Had a female head of state,Had a female head of state,Had a female head of state,Had a female head of state,Had a female head of state,Had a female head of state,Had a female head of state,Had a female head of state,Had a female head of state,Had a female head of state,Had a female head of state,Had a female head of state,Had a female head of state,Had a female head of state,Had a female head of state,Had a female head of state,Had a female head of state,Had a female head of state,Had a female head of state,Had a female head of state,,
can,Canada,Never had a female head of state,Never had a female head of state,Never had a female head of state,Never had a female head of state,Never had a female head of state,Never had a female head of state,Never had a female head of state,Never had a female head of state,Never had a female head of state,Never had a female head of state,Never had a female head of state,Never had a female head of state,Never had a female head of state,Never had a female head of state,Never had a female head of state,Never had a female head of state,Never had a female head of state,Never had a female head of state,Never had a female head of state,Never had a female head of state,Never had a female head of state,Never had a female head of state,Never had a female head of state,Never had a female head of state,Never had a female head of state,Never had a female head of state,Never had a female head of state,Never had a female head of state,Never had a female head of state,Never had a female head of state,Never had a female head of state,Never had a female head of state,Never had a female head of state,Never had a female head of state,Never had a female head of state,Never had a female head of state,Never had a female head of state,Never had a female head of state,Never had a female head of state,Never had a female head of state,Had a female head of state,Had a female head of state,Had a female head of state,Had a female head of state,Had a female head of state,Had a female head of state,Had a female head of state,Had a female head of state,Had a female head of state,Had a female head of state,Had a female head of state,Had a female head of state,Had a female head of state,Had a female head of state,Had a female head of state,Had a female head of state,Had a female head of state,Had a female head of state,Had a female head of state,Had a female head of state,Had a female head of state,Had a female head of state,Had a female head of state,Had a female head of state,Had a female head of state,Had a female head of state,Had a female head of state,,
che,Switzerland,Never had a female head of state,Never had a female head of state,Never had a female head of state,Never had a female head of state,Never had a female head of state,Never had a female head of state,Never had a female head of state,Never had a female head of state,Never had a female head of state,Never had a female head of state,Never had a female head of state,Never had a female head of state,Never had a female head of state,Never had a female head of state,Never had a female head of state,Never had a female head of state,Never had a female head of state,Never had a female head of state,Never had a female head of state,Never had a female head of state,Never had a female head of state,Never had a female head of state,Never had a female head of state,Never had a female head of state,Never had a female head of state,Never had a female head of state,Never had a female head of state,Never had a female head of state,Never had a female head of state,Never had a female head of state,Never had a female head of state,Never had a female head of state,Never had a female head of state,Never had a female head of state,Never had a female head of state,Never had a female head of state,Never had a female head of state,Never had a female head of state,Never had a female head of state,Never had a female head of state,Never had a female head of state,Never had a female head of state,Never had a female head of state,Never had a female head of state,Never had a female head of state,Never had a female head of state,Never had a female head of state,Never had a female head of state,Never had a female head of state,Never had a female head of state,Never had a female head of state,Never had a female head of state,Never had a female head of state,Never had a female head of state,Never had a female head of state,Never had a female head of state,Never had a female head of state,Never had a female head of state,Never had a female head of state,Never had a female head of state,Never had a female head of state,Never had a female head of state,Never had a female head of state,Never had a female head of state,Never had a female head of state,Never had a female head of state,Never had a female head of state,Never had a female head of state,Never had a female head of state
chl,Chile,Never had a female head of state,Never had a female head of state,Never had a female head of state,Never had a female head of state,Never had a female head of state,Never had a female head of state,Never had a female head of state,Never had a female head of state,Never had a female head of state,Never had a female head of state,Never had a female head of state,Never had a female head of state,Never had a female head of state,Never had a female head of state,Never had a female head of state,Never had a female head of state,Never had a female head of state,Never had a female head of state,Never had a female head of state,Never had a female head of state,Never had a female head of state,Never had a female head of state,Never had a female head of state,Never had a female head of state,Never had a female head of state,Never had a female head of state,Never had a female head of state,Never had a female head of state,Never had a female head of state,Never had a female head of state,Never had a female head of state,Never had a female head of state,Never had a female head of state,Never had a female head of state,Never had a female head of state,Never had a female head of state,Never had a female head of state,Never had a female head of state,Never had a female head of state,Never had a female head of state,Never had a female head of state,Never had a female head of state,Never had a female head of state,Never had a female head of state,Never had a female head of state,Never had a female head of state,Never had a female head of state,Never had a female head of state,Never had a female head of state,Never had a female head of state,Never had a female head of state,Never had a female head of state,Never had a female head of state,Had a female head of state,Had a female head of state,Had a female head of state,Had a female head of state,Had a female head of state,Had a female head of state,Had a female head of state,Had a female head of state,Had a female head of state,Had a female head of state,Had a female head of state,Had a female head of state,Had a female head of state,Had a female head of state,,
chn,China,Never had a female head of state,Never had a female head of state,Never had a female head of state,Never had a female head of state,Never had a female head of state,Never had a female head of state,Never had a female head of state,Never had a female head of state,Never had a female head of state,Never had a female head of state,Never had a female head of state,Never had a female head of state,Never had a female head of state,Never had a female head of state,Never had a female head of state,Had a female head of state,Had a female head of state,Had a female head of state,Had a female head of state,Had a female head of state,Had a female head of state,Had a female head of state,Had a female head of state,Had a female head of state,Had a female head of state,Had a female head of state,Had a female head of state,Had a female head of state,Had a female head of state,Had a female head of state,Had a female head of state,Had a female head of state,Had a female head of state,Had a female head of state,Had a female head of state,Had a female head of state,Had a female head of state,Had a female head of state,Had a female head of state,Had a female head of state,Had a female head of state,Had a female head of state,Had a female head of state,Had a female head of state,Had a female head of state,Had a female head of state,Had a female head of state,Had a female head of state,Had a female head of state,Had a female head of state,Had a female head of state,Had a female head of state,Had a female head of state,Had a female head of state,Had a female head of state,Had a female head of state,Had a female head of state,Had a female head of state,Had a female head of state,Had a female head of state,Had a female head of state,Had a female head of state,Had a female head of state,Had a female head of state,Had a female head of state,Had a female head of state,Had a female head of state,,
civ,Cote d'Ivoire,Never had a female head of state,Never had a female head of state,Never had a female head of state,Never had a female head of state,Never had a female head of state,Never had a female head of state,Never had a female head of state,Never had a female head of state,Never had a female head of state,Never had a female head of state,Never had a female head of state,Never had a female head of state,Never had a female head of state,Never had a female head of state,Never had a female head of state,Never had a female head of state,Never had a female head of state,Never had a female head of state,Never had a female head of state,Never had a female head of state,Never had a female head of state,Never had a female head of state,Never had a female head of state,Never had a female head of state,Never had a female head of state,Never had a female head of state,Never had a female head of state,Never had a female head of state,Never had a female head of state,Never had a female head of state,Never had a female head of state,Never had a female head of state,Never had a female head of state,Never had a female head of state,Never had a female head of state,Never had a female head of state,Never had a female head of state,Never had a female head of state,Never had a female head of state,Never had a female head of state,Never had a female head of state,Never had a female head of state,Never had a female head of state,Never had a female head of state,Never had a female head of state,Never had a female head of state,Never had a female head of state,Never had a female head of state,Never had a female head of state,Never had a female head of state,Never had a female head of state,Never had a female head of state,Never had a female head of state,Never had a female head of state,Never had a female head of state,Never had a female head of state,Never had a female head of state,Never had a female head of state,Never had a female head of state,Never had a female head of state,Never had a female head of state,Never had a female head of state,Never had a female head of state,Never had a female head of state,Never had a female head of state,Never had a female head of state,Never had a female head of state,Never had a female head of state,Never had a female head of state
cmr,Cameroon,Never had a female head of state,Never had a female head of state,Never had a female head of state,Never had a female head of state,Never had a female head of state,Never had a female head of state,Never had a female head of state,Never had a female head of state,Never had a female head of state,Never had a female head of state,Never had a female head of state,Never had a female head of state,Never had a female head of state,Never had a female head of state,Never had a female head of state,Never had a female head of state,Never had a female head of state,Never had a female head of state,Never had a female head of state,Never had a female head of state,Never had a female head of state,Never had a female head of state,Never had a female head of state,Never had a female head of state,Never had a female head of state,Never had a female head of state,Never had a female head of state,Never had a female head of state,Never had a female head of state,Never had a female head of state,Never had a female head of state,Never had a female head of state,Never had a female head of state,Never had a female head of state,Never had a female head of state,Never had a female head of state,Never had a female head of state,Never had a female head of state,Never had a female head of state,Never had a female head of state,Never had a female head of state,Never had a female head of state,Never had a female head of state,Never had a female head of state,Never had a female head of state,Never had a female head of state,Never had a female head of state,Never had a female head of state,Never had a female head of state,Never had a female head of state,Never had a female head of state,Never had a female head of state,Never had a female head of state,Never had a female head of state,Never had a female head of state,Never had a female head of state,Never had a female head of state,Never had a female head of state,Never had a female head of state,Never had a female head of state,Never had a female head of state,Never had a female head of state,Never had a female head of state,Never had a female head of state,Never had a female head of state,Never had a female head of state,Never had a female head of state,Never had a female head of state,Never had a female head of state
cod,"Congo, Dem. Rep.",Never had a female head of state,Never had a female head of state,Never had a female head of state,Never had a female head of state,Never had a female head of state,Never had a female head of state,Never had a female head of state,Never had a female head of state,Never had a female head of state,Never had a female head of state,Never had a female head of state,Never had a female head of state,Never had a female head of state,Never had a female head of state,Never had a female head of state,Never had a female head of state,Never had a female head of state,Never had a female head of state,Never had a female head of state,Never had a female head of state,Never had a female head of state,Never had a female head of state,Never had a female head of state,Never had a female head of state,Never had a female head of state,Never had a female head of state,Never had a female head of state,Never had a female head of state,Never had a female head of state,Never had a female head of state,Never had a female head of state,Never had a female head of state,Never had a female head of state,Never had a female head of state,Never had a female head of state,Never had a female head of state,Never had a female head of state,Never had a female head of state,Never had a female head of state,Never had a female head of state,Never had a female head of state,Never had a female head of state,Never had a female head of state,Never had a female head of state,Never had a female head of state,Never had a female head of state,Never had a female head of state,Never had a female head of state,Never had a female head of state,Never had a female head of state,Never had a female head of state,Never had a female head of state,Never had a female head of state,Never had a female head of state,Never had a female head of state,Never had a female head of state,Never had a female head of state,Never had a female head of state,Never had a female head of state,Never had a female head of state,Never had a female head of state,Never had a female head of state,Never had a female head of state,Never had a female head of state,Never had a female head of state,Never had a female head of state,Never had a female head of state,Never had a female head of state,Never had a female head of state
cog,"Congo, Rep.",Never had a female head of state,Never had a female head of state,Never had a female head of state,Never had a female head of state,Never had a female head of state,Never had a female head of state,Never had a female head of state,Never had a female head of state,Never had a female head of state,Never had a female head of state,Never had a female head of state,Never had a female head of state,Never had a female head of state,Never had a female head of state,Never had a female head of state,Never had a female head of state,Never had a female head of state,Never had a female head of state,Never had a female head of state,Never had a female head of state,Never had a female head of state,Never had a female head of state,Never had a female head of state,Never had a female head of state,Never had a female head of state,Never had a female head of state,Never had a female head of state,Never had a female head of state,Never had a female head of state,Never had a female head of state,Never had a female head of state,Never had a female head of state,Never had a female head of state,Never had a female head of state,Never had a female head of state,Never had a female head of state,Never had a female head of state,Never had a female head of state,Never had a female head of state,Never had a female head of state,Never had a female head of state,Never had a female head of state,Never had a female head of state,Never had a female head of state,Never had a female head of state,Never had a female head of state,Never had a female head of state,Never had a female head of state,Never had a female head of state,Never had a female head of state,Never had a female head of state,Never had a female head of state,Never had a female head of state,Never had a female head of state,Never had a female head of state,Never had a female head of state,Never had a female head of state,Never had a female head of state,Never had a female head of state,Never had a female head of state,Never had a female head of state,Never had a female head of state,Never had a female head of state,Never had a female head of state,Never had a female head of state,Never had a female head of state,Never had a female head of state,Never had a female head of state,Never had a female head of state
col,Colombia,Never had a female head of state,Never had a female head of state,Never had a female head of state,Never had a female head of state,Never had a female head of state,Never had a female head of state,Never had a female head of state,Never had a female head of state,Never had a female head of state,Never had a female head of state,Never had a female head of state,Never had a female head of state,Never had a female head of state,Never had a female head of state,Never had a female head of state,Never had a female head of state,Never had a female head of state,Never had a female head of state,Never had a female head of state,Never had a female head of state,Never had a female head of state,Never had a female head of state,Never had a female head of state,Never had a female head of state,Never had a female head of state,Never had a female head of state,Never had a female head of state,Never had a female head of state,Never had a female head of state,Never had a female head of state,Never had a female head of state,Never had a female head of state,Never had a female head of state,Never had a female head of state,Never had a female head of state,Never had a female head of state,Never had a female head of state,Never had a female head of state,Never had a female head of state,Never had a female head of state,Never had a female head of state,Never had a female head of state,Never had a female head of state,Never had a female head of state,Never had a female head of state,Never had a female head of state,Never had a female head of state,Never had a female head of state,Never had a female head of state,Never had a female head of state,Never had a female head of state,Never had a female head of state,Never had a female head of state,Never had a female head of state,Never had a female head of state,Never had a female head of state,Never had a female head of state,Never had a female head of state,Never had a female head of state,Never had a female head of state,Never had a female head of state,Never had a female head of state,Never had a female head of state,Never had a female head of state,Never had a female head of state,Never had a female head of state,Never had a female head of state,Never had a female head of state,Never had a female head of state
com,Comoros,Never had a female head of state,Never had a female head of state,Never had a female head of state,Never had a female head of state,Never had a female head of state,Never had a female head of state,Never had a female head of state,Never had a female head of state,Never had a female head of state,Never had a female head of state,Never had a female head of state,Never had a female head of state,Never had a female head of state,Never had a female head of state,Never had a female head of state,Never had a female head of state,Never had a female head of state,Never had a female head of state,Never had a female head of state,Never had a female head of state,Never had a female head of state,Never had a female head of state,Never had a female head of state,Never had a female head of state,Never had a female head of state,Never had a female head of state,Never had a female head of state,Never had a female head of state,Never had a female head of state,Never had a female head of state,Never had a female head of state,Never had a female head of state,Never had a female head of state,Never had a female head of state,Never had a female head of state,Never had a female head of state,Never had a female head of state,Never had a female head of state,Never had a female head of state,Never had a female head of state,Never had a female head of state,Never had a female head of state,Never had a female head of state,Never had a female head of state,Never had a female head of state,Never had a female head of state,Never had a female head of state,Never had a female head of state,Never had a female head of state,Never had a female head of state,Never had a female head of state,Never had a female head of state,Never had a female head of state,Never had a female head of state,Never had a female head of state,Never had a female head of state,Never had a female head of state,Never had a female head of state,Never had a female head of state,Never had a female head of state,Never had a female head of state,Never had a female head of state,Never had a female head of state,Never had a female head of state,Never had a female head of state,Never had a female head of state,Never had a female head of state,Never had a female head of state,Never had a female head of state
cpv,Cape Verde,Never had a female head of state,Never had a female head of state,Never had a female head of state,Never had a female head of state,Never had a female head of state,Never had a female head of state,Never had a female head of state,Never had a female head of state,Never had a female head of state,Never had a female head of state,Never had a female head of state,Never had a female head of state,Never had a female head of state,Never had a female head of state,Never had a female head of state,Never had a female head of state,Never had a female head of state,Never had a female head of state,Never had a female head of state,Never had a female head of state,Never had a female head of state,Never had a female head of state,Never had a female head of state,Never had a female head of state,Never had a female head of state,Never had a female head of state,Never had a female head of state,Never had a female head of state,Never had a female head of state,Never had a female head of state,Never had a female head of state,Never had a female head of state,Never had a female head of state,Never had a female head of state,Never had a female head of state,Never had a female head of state,Never had a female head of state,Never had a female head of state,Never had a female head of state,Never had a female head of state,Never had a female head of state,Never had a female head of state,Never had a female head of state,Never had a female head of state,Never had a female head of state,Never had a female head of state,Never had a female head of state,Never had a female head of state,Never had a female head of state,Never had a female head of state,Never had a female head of state,Never had a female head of state,Never had a female head of state,Never had a female head of state,Never had a female head of state,Never had a female head of state,Never had a female head of state,Never had a female head of state,Never had a female head of state,Never had a female head of state,Never had a female head of state,Never had a female head of state,Never had a female head of state,Never had a female head of state,Never had a female head of state,Never had a female head of state,Never had a female head of state,Never had a female head of state,Never had a female head of state
cri,Costa Rica,Never had a female head of state,Never had a female head of state,Never had a female head of state,Never had a female head of state,Never had a female head of state,Never had a female head of state,Never had a female head of state,Never had a female head of state,Never had a female head of state,Never had a female head of state,Never had a female head of state,Never had a female head of state,Never had a female head of state,Never had a female head of state,Never had a female head of state,Never had a female head of state,Never had a female head of state,Never had a female head of state,Never had a female head of state,Never had a female head of state,Never had a female head of state,Never had a female head of state,Never had a female head of state,Never had a female head of state,Never had a female head of state,Never had a female head of state,Never had a female head of state,Never had a female head of state,Never had a female head of state,Never had a female head of state,Never had a female head of state,Never had a female head of state,Never had a female head of state,Never had a female head of state,Never had a female head of state,Never had a female head of state,Never had a female head of state,Never had a female head of state,Never had a female head of state,Never had a female head of state,Never had a female head of state,Never had a female head of state,Never had a female head of state,Never had a female head of state,Never had a female head of state,Never had a female head of state,Never had a female head of state,Never had a female head of state,Never had a female head of state,Never had a female head of state,Never had a female head of state,Never had a female head of state,Never had a female head of state,Never had a female head of state,Never had a female head of state,Never had a female head of state,Never had a female head of state,Had a female head of state,Had a female head of state,Had a female head of state,Had a female head of state,Had a female head of state,Had a female head of state,Had a female head of state,Had a female head of state,Had a female head of state,Had a female head of state,,
cub,Cuba,Never had a female head of state,Never had a female head of state,Never had a female head of state,Never had a female head of state,Never had a female head of state,Never had a female head of state,Never had a female head of state,Never had a female head of state,Never had a female head of state,Never had a female head of state,Never had a female head of state,Never had a female head of state,Never had a female head of state,Never had a female head of state,Never had a female head of state,Never had a female head of state,Never had a female head of state,Never had a female head of state,Never had a female head of state,Never had a female head of state,Never had a female head of state,Never had a female head of state,Never had a female head of state,Never had a female head of state,Never had a female head of state,Never had a female head of state,Never had a female head of state,Never had a female head of state,Never had a female head of state,Never had a female head of state,Never had a female head of state,Never had a female head of state,Never had a female head of state,Never had a female head of state,Never had a female head of state,Never had a female head of state,Never had a female head of state,Never had a female head of state,Never had a female head of state,Never had a female head of state,Never had a female head of state,Never had a female head of state,Never had a female head of state,Never had a female head of state,Never had a female head of state,Never had a female head of state,Never had a female head of state,Never had a female head of state,Never had a female head of state,Never had a female head of state,Never had a female head of state,Never had a female head of state,Never had a female head of state,Never had a female head of state,Never had a female head of state,Never had a female head of state,Never had a female head of state,Never had a female head of state,Never had a female head of state,Never had a female head of state,Never had a female head of state,Never had a female head of state,Never had a female head of state,Never had a female head of state,Never had a female head of state,Never had a female head of state,Never had a female head of state,Never had a female head of state,Never had a female head of state
cyp,Cyprus,Never had a female head of state,Never had a female head of state,Never had a female head of state,Never had a female head of state,Never had a female head of state,Never had a female head of state,Never had a female head of state,Never had a female head of state,Never had a female head of state,Never had a female head of state,Never had a female head of state,Never had a female head of state,Never had a female head of state,Never had a female head of state,Never had a female head of state,Never had a female head of state,Never had a female head of state,Never had a female head of state,Never had a female head of state,Never had a female head of state,Never had a female head of state,Never had a female head of state,Never had a female head of state,Never had a female head of state,Never had a female head of state,Never had a female head of state,Never had a female head of state,Never had a female head of state,Never had a female head of state,Never had a female head of state,Never had a female head of state,Never had a female head of state,Never had a female head of state,Never had a female head of state,Never had a female head of state,Never had a female head of state,Never had a female head of state,Never had a female head of state,Never had a female head of state,Never had a female head of state,Never had a female head of state,Never had a female head of state,Never had a female head of state,Never had a female head of state,Never had a female head of state,Never had a female head of state,Never had a female head of state,Never had a female head of state,Never had a female head of state,Never had a female head of state,Never had a female head of state,Never had a female head of state,Never had a female head of state,Never had a female head of state,Never had a female head of state,Never had a female head of state,Never had a female head of state,Never had a female head of state,Never had a female head of state,Never had a female head of state,Never had a female head of state,Never had a female head of state,Never had a female head of state,Never had a female head of state,Never had a female head of state,Never had a female head of state,Never had a female head of state,Never had a female head of state,Never had a female head of state
cze,Czech Republic,Never had a female head of state,Never had a female head of state,Never had a female head of state,Never had a female head of state,Never had a female head of state,Never had a female head of state,Never had a female head of state,Never had a female head of state,Never had a female head of state,Never had a female head of state,Never had a female head of state,Never had a female head of state,Never had a female head of state,Never had a female head of state,Never had a female head of state,Never had a female head of state,Never had a female head of state,Never had a female head of state,Never had a female head of state,Never had a female head of state,Never had a female head of state,Never had a female head of state,Never had a female head of state,Never had a female head of state,Never had a female head of state,Never had a female head of state,Never had a female head of state,Never had a female head of state,Never had a female head of state,Never had a female head of state,Never had a female head of state,Never had a female head of state,Never had a female head of state,Never had a female head of state,Never had a female head of state,Never had a female head of state,Never had a female head of state,Never had a female head of state,Never had a female head of state,Never had a female head of state,Never had a female head of state,Never had a female head of state,Never had a female head of state,Never had a female head of state,Never had a female head of state,Never had a female head of state,Never had a female head of state,Never had a female head of state,Never had a female head of state,Never had a female head of state,Never had a female head of state,Never had a female head of state,Never had a female head of state,Never had a female head of state,Never had a female head of state,Never had a female head of state,Never had a female head of state,Never had a female head of state,Never had a female head of state,Never had a female head of state,Never had a female head of state,Never had a female head of state,Never had a female head of state,Never had a female head of state,Never had a female head of state,Never had a female head of state,Never had a female head of state,Never had a female head of state,Never had a female head of state
deu,Germany,Never had a female head of state,Never had a female head of state,Never had a female head of state,Never had a female head of state,Never had a female head of state,Never had a female head of state,Never had a female head of state,Never had a female head of state,Never had a female head of state,Never had a female head of state,Never had a female head of state,Never had a female head of state,Never had a female head of state,Never had a female head of state,Never had a female head of state,Never had a female head of state,Never had a female head of state,Never had a female head of state,Never had a female head of state,Never had a female head of state,Never had a female head of state,Never had a female head of state,Never had a female head of state,Never had a female head of state,Never had a female head of state,Never had a female head of state,Never had a female head of state,Never had a female head of state,Never had a female head of state,Never had a female head of state,Never had a female head of state,Never had a female head of state,Never had a female head of state,Never had a female head of state,Never had a female head of state,Never had a female head of state,Never had a female head of state,Never had a female head of state,Never had a female head of state,Never had a female head of state,Never had a female head of state,Never had a female head of state,Never had a female head of state,Never had a female head of state,Never had a female head of state,Never had a female head of state,Never had a female head of state,Never had a female head of state,Never had a female head of state,Never had a female head of state,Never had a female head of state,Never had a female head of state,Had a female head of state,Had a female head of state,Had a female head of state,Had a female head of state,Had a female head of state,Had a female head of state,Had a female head of state,Had a female head of state,Had a female head of state,Had a female head of state,Had a female head of state,Had a female head of state,Had a female head of state,Had a female head of state,Had a female head of state,,
dji,Djibouti,Never had a female head of state,Never had a female head of state,Never had a female head of state,Never had a female head of state,Never had a female head of state,Never had a female head of state,Never had a female head of state,Never had a female head of state,Never had a female head of state,Never had a female head of state,Never had a female head of state,Never had a female head of state,Never had a female head of state,Never had a female head of state,Never had a female head of state,Never had a female head of state,Never had a female head of state,Never had a female head of state,Never had a female head of state,Never had a female head of state,Never had a female head of state,Never had a female head of state,Never had a female head of state,Never had a female head of state,Never had a female head of state,Never had a female head of state,Never had a female head of state,Never had a female head of state,Never had a female head of state,Never had a female head of state,Never had a female head of state,Never had a female head of state,Never had a female head of state,Never had a female head of state,Never had a female head of state,Never had a female head of state,Never had a female head of state,Never had a female head of state,Never had a female head of state,Never had a female head of state,Never had a female head of state,Never had a female head of state,Never had a female head of state,Never had a female head of state,Never had a female head of state,Never had a female head of state,Never had a female head of state,Never had a female head of state,Never had a female head of state,Never had a female head of state,Never had a female head of state,Never had a female head of state,Never had a female head of state,Never had a female head of state,Never had a female head of state,Never had a female head of state,Never had a female head of state,Never had a female head of state,Never had a female head of state,Never had a female head of state,Never had a female head of state,Never had a female head of state,Never had a female head of state,Never had a female head of state,Never had a female head of state,Never had a female head of state,Never had a female head of state,Never had a female head of state,Never had a female head of state
dma,Dominica,Never had a female head of state,Never had a female head of state,Never had a female head of state,Never had a female head of state,Never had a female head of state,Never had a female head of state,Never had a female head of state,Never had a female head of state,Never had a female head of state,Never had a female head of state,Never had a female head of state,Never had a female head of state,Never had a female head of state,Never had a female head of state,Never had a female head of state,Never had a female head of state,Never had a female head of state,Never had a female head of state,Never had a female head of state,Never had a female head of state,Never had a female head of state,Never had a female head of state,Never had a female head of state,Never had a female head of state,Never had a female head of state,Never had a female head of state,Never had a female head of state,Had a female head of state,Had a female head of state,Had a female head of state,Had a female head of state,Had a female head of state,Had a female head of state,Had a female head of state,Had a female head of state,Had a female head of state,Had a female head of state,Had a female head of state,Had a female head of state,Had a female head of state,Had a female head of state,Had a female head of state,Had a female head of state,Had a female head of state,Had a female head of state,Had a female head of state,Had a female head of state,Had a female head of state,Had a female head of state,Had a female head of state,Had a female head of state,Had a female head of state,Had a female head of state,Had a female head of state,Had a female head of state,Had a female head of state,Had a female head of state,Had a female head of state,Had a female head of state,Had a female head of state,Had a female head of state,Had a female head of state,Had a female head of state,Had a female head of state,Had a female head of state,Had a female head of state,Had a female head of state,,
dnk,Denmark,Never had a female head of state,Never had a female head of state,Never had a female head of state,Never had a female head of state,Never had a female head of state,Never had a female head of state,Never had a female head of state,Never had a female head of state,Never had a female head of state,Never had a female head of state,Never had a female head of state,Never had a female head of state,Never had a female head of state,Never had a female head of state,Never had a female head of state,Never had a female head of state,Never had a female head of state,Never had a female head of state,Never had a female head of state,Never had a female head of state,Never had a female head of state,Never had a female head of state,Never had a female head of state,Never had a female head of state,Never had a female head of state,Never had a female head of state,Never had a female head of state,Never had a female head of state,Never had a female head of state,Never had a female head of state,Never had a female head of state,Never had a female head of state,Never had a female head of state,Never had a female head of state,Never had a female head of state,Never had a female head of state,Never had a female head of state,Never had a female head of state,Never had a female head of state,Never had a female head of state,Never had a female head of state,Never had a female head of state,Never had a female head of state,Never had a female head of state,Never had a female head of state,Never had a female head of state,Never had a female head of state,Never had a female head of state,Never had a female head of state,Never had a female head of state,Never had a female head of state,Never had a female head of state,Never had a female head of state,Never had a female head of state,Never had a female head of state,Never had a female head of state,Never had a female head of state,Never had a female head of state,Had a female head of state,Had a female head of state,Had a female head of state,Had a female head of state,Had a female head of state,Had a female head of state,Had a female head of state,Had a female head of state,Had a female head of state,,
dom,Dominican Republic,Never had a female head of state,Never had a female head of state,Never had a female head of state,Never had a female head of state,Never had a female head of state,Never had a female head of state,Never had a female head of state,Never had a female head of state,Never had a female head of state,Never had a female head of state,Never had a female head of state,Never had a female head of state,Never had a female head of state,Never had a female head of state,Never had a female head of state,Never had a female head of state,Never had a female head of state,Never had a female head of state,Never had a female head of state,Never had a female head of state,Never had a female head of state,Never had a female head of state,Never had a female head of state,Never had a female head of state,Never had a female head of state,Never had a female head of state,Never had a female head of state,Never had a female head of state,Never had a female head of state,Never had a female head of state,Never had a female head of state,Never had a female head of state,Never had a female head of state,Never had a female head of state,Never had a female head of state,Never had a female head of state,Never had a female head of state,Never had a female head of state,Never had a female head of state,Never had a female head of state,Never had a female head of state,Never had a female head of state,Never had a female head of state,Never had a female head of state,Never had a female head of state,Never had a female head of state,Never had a female head of state,Never had a female head of state,Never had a female head of state,Never had a female head of state,Never had a female head of state,Never had a female head of state,Never had a female head of state,Never had a female head of state,Never had a female head of state,Never had a female head of state,Never had a female head of state,Never had a female head of state,Never had a female head of state,Never had a female head of state,Never had a female head of state,Never had a female head of state,Never had a female head of state,Never had a female head of state,Never had a female head of state,Never had a female head of state,Never had a female head of state,Never had a female head of state,Never had a female head of state
dza,Algeria,Never had a female head of state,Never had a female head of state,Never had a female head of state,Never had a female head of state,Never had a female head of state,Never had a female head of state,Never had a female head of state,Never had a female head of state,Never had a female head of state,Never had a female head of state,Never had a female head of state,Never had a female head of state,Never had a female head of state,Never had a female head of state,Never had a female head of state,Never had a female head of state,Never had a female head of state,Never had a female head of state,Never had a female head of state,Never had a female head of state,Never had a female head of state,Never had a female head of state,Never had a female head of state,Never had a female head of state,Never had a female head of state,Never had a female head of state,Never had a female head of state,Never had a female head of state,Never had a female head of state,Never had a female head of state,Never had a female head of state,Never had a female head of state,Never had a female head of state,Never had a female head of state,Never had a female head of state,Never had a female head of state,Never had a female head of state,Never had a female head of state,Never had a female head of state,Never had a female head of state,Never had a female head of state,Never had a female head of state,Never had a female head of state,Never had a female head of state,Never had a female head of state,Never had a female head of state,Never had a female head of state,Never had a female head of state,Never had a female head of state,Never had a female head of state,Never had a female head of state,Never had a female head of state,Never had a female head of state,Never had a female head of state,Never had a female head of state,Never had a female head of state,Never had a female head of state,Never had a female head of state,Never had a female head of state,Never had a female head of state,Never had a female head of state,Never had a female head of state,Never had a female head of state,Never had a female head of state,Never had a female head of state,Never had a female head of state,Never had a female head of state,Never had a female head of state,Never had a female head of state
ecu,Ecuador,Never had a female head of state,Never had a female head of state,Never had a female head of state,Never had a female head of state,Never had a female head of state,Never had a female head of state,Never had a female head of state,Never had a female head of state,Never had a female head of state,Never had a female head of state,Never had a female head of state,Never had a female head of state,Never had a female head of state,Never had a female head of state,Never had a female head of state,Never had a female head of state,Never had a female head of state,Never had a female head of state,Never had a female head of state,Never had a female head of state,Never had a female head of state,Never had a female head of state,Never had a female head of state,Never had a female head of state,Never had a female head of state,Never had a female head of state,Never had a female head of state,Never had a female head of state,Never had a female head of state,Never had a female head of state,Never had a female head of state,Never had a female head of state,Never had a female head of state,Never had a female head of state,Never had a female head of state,Never had a female head of state,Never had a female head of state,Never had a female head of state,Never had a female head of state,Never had a female head of state,Never had a female head of state,Never had a female head of state,Never had a female head of state,Never had a female head of state,Had a female head of state,Had a female head of state,Had a female head of state,Had a female head of state,Had a female head of state,Had a female head of state,Had a female head of state,Had a female head of state,Had a female head of state,Had a female head of state,Had a female head of state,Had a female head of state,Had a female head of state,Had a female head of state,Had a female head of state,Had a female head of state,Had a female head of state,Had a female head of state,Had a female head of state,Had a female head of state,Had a female head of state,Had a female head of state,Had a female head of state,,
egy,Egypt,Never had a female head of state,Never had a female head of state,Never had a female head of state,Never had a female head of state,Never had a female head of state,Never had a female head of state,Never had a female head of state,Never had a female head of state,Never had a female head of state,Never had a female head of state,Never had a female head of state,Never had a female head of state,Never had a female head of state,Never had a female head of state,Never had a female head of state,Never had a female head of state,Never had a female head of state,Never had a female head of state,Never had a female head of state,Never had a female head of state,Never had a female head of state,Never had a female head of state,Never had a female head of state,Never had a female head of state,Never had a female head of state,Never had a female head of state,Never had a female head of state,Never had a female head of state,Never had a female head of state,Never had a female head of state,Never had a female head of state,Never had a female head of state,Never had a female head of state,Never had a female head of state,Never had a female head of state,Never had a female head of state,Never had a female head of state,Never had a female head of state,Never had a female head of state,Never had a female head of state,Never had a female head of state,Never had a female head of state,Never had a female head of state,Never had a female head of state,Never had a female head of state,Never had a female head of state,Never had a female head of state,Never had a female head of state,Never had a female head of state,Never had a female head of state,Never had a female head of state,Never had a female head of state,Never had a female head of state,Never had a female head of state,Never had a female head of state,Never had a female head of state,Never had a female head of state,Never had a female head of state,Never had a female head of state,Never had a female head of state,Never had a female head of state,Never had a female head of state,Never had a female head of state,Never had a female head of state,Never had a female head of state,Never had a female head of state,Never had a female head of state,Never had a female head of state,Never had a female head of state
eri,Eritrea,Never had a female head of state,Never had a female head of state,Never had a female head of state,Never had a female head of state,Never had a female head of state,Never had a female head of state,Never had a female head of state,Never had a female head of state,Never had a female head of state,Never had a female head of state,Never had a female head of state,Never had a female head of state,Never had a female head of state,Never had a female head of state,Never had a female head of state,Never had a female head of state,Never had a female head of state,Never had a female head of state,Never had a female head of state,Never had a female head of state,Never had a female head of state,Never had a female head of state,Never had a female head of state,Never had a female head of state,Never had a female head of state,Never had a female head of state,Never had a female head of state,Never had a female head of state,Never had a female head of state,Never had a female head of state,Never had a female head of state,Never had a female head of state,Never had a female head of state,Never had a female head of state,Never had a female head of state,Never had a female head of state,Never had a female head of state,Never had a female head of state,Never had a female head of state,Never had a female head of state,Never had a female head of state,Never had a female head of state,Never had a female head of state,Never had a female head of state,Never had a female head of state,Never had a female head of state,Never had a female head of state,Never had a female head of state,Never had a female head of state,Never had a female head of state,Never had a female head of state,Never had a female head of state,Never had a female head of state,Never had a female head of state,Never had a female head of state,Never had a female head of state,Never had a female head of state,Never had a female head of state,Never had a female head of state,Never had a female head of state,Never had a female head of state,Never had a female head of state,Never had a female head of state,Never had a female head of state,Never had a female head of state,Never had a female head of state,Never had a female head of state,Never had a female head of state,Never had a female head of state
esp,Spain,Never had a female head of state,Never had a female head of state,Never had a female head of state,Never had a female head of state,Never had a female head of state,Never had a female head of state,Never had a female head of state,Never had a female head of state,Never had a female head of state,Never had a female head of state,Never had a female head of state,Never had a female head of state,Never had a female head of state,Never had a female head of state,Never had a female head of state,Never had a female head of state,Never had a female head of state,Never had a female head of state,Never had a female head of state,Never had a female head of state,Never had a female head of state,Never had a female head of state,Never had a female head of state,Never had a female head of state,Never had a female head of state,Never had a female head of state,Never had a female head of state,Never had a female head of state,Never had a female head of state,Never had a female head of state,Never had a female head of state,Never had a female head of state,Never had a female head of state,Never had a female head of state,Never had a female head of state,Never had a female head of state,Never had a female head of state,Never had a female head of state,Never had a female head of state,Never had a female head of state,Never had a female head of state,Never had a female head of state,Never had a female head of state,Never had a female head of state,Never had a female head of state,Never had a female head of state,Never had a female head of state,Never had a female head of state,Never had a female head of state,Never had a female head of state,Never had a female head of state,Never had a female head of state,Never had a female head of state,Never had a female head of state,Never had a female head of state,Never had a female head of state,Never had a female head of state,Never had a female head of state,Never had a female head of state,Never had a female head of state,Never had a female head of state,Never had a female head of state,Never had a female head of state,Never had a female head of state,Never had a female head of state,Never had a female head of state,Never had a female head of state,Never had a female head of state,Never had a female head of state
est,Estonia,Never had a female head of state,Never had a female head of state,Never had a female head of state,Never had a female head of state,Never had a female head of state,Never had a female head of state,Never had a female head of state,Never had a female head of state,Never had a female head of state,Never had a female head of state,Never had a female head of state,Never had a female head of state,Never had a female head of state,Never had a female head of state,Never had a female head of state,Never had a female head of state,Never had a female head of state,Never had a female head of state,Never had a female head of state,Never had a female head of state,Never had a female head of state,Never had a female head of state,Never had a female head of state,Never had a female head of state,Never had a female head of state,Never had a female head of state,Never had a female head of state,Never had a female head of state,Never had a female head of state,Never had a female head of state,Never had a female head of state,Never had a female head of state,Never had a female head of state,Never had a female head of state,Never had a female head of state,Never had a female head of state,Never had a female head of state,Never had a female head of state,Never had a female head of state,Never had a female head of state,Never had a female head of state,Never had a female head of state,Never had a female head of state,Never had a female head of state,Never had a female head of state,Never had a female head of state,Never had a female head of state,Never had a female head of state,Never had a female head of state,Never had a female head of state,Never had a female head of state,Never had a female head of state,Never had a female head of state,Never had a female head of state,Never had a female head of state,Never had a female head of state,Never had a female head of state,Never had a female head of state,Never had a female head of state,Never had a female head of state,Never had a female head of state,Never had a female head of state,Never had a female head of state,Had a female head of state,Had a female head of state,Had a female head of state,Had a female head of state,,
eth,Ethiopia,Never had a female head of state,Never had a female head of state,Never had a female head of state,Never had a female head of state,Never had a female head of state,Never had a female head of state,Never had a female head of state,Never had a female head of state,Never had a female head of state,Never had a female head of state,Never had a female head of state,Never had a female head of state,Never had a female head of state,Never had a female head of state,Never had a female head of state,Never had a female head of state,Never had a female head of state,Never had a female head of state,Never had a female head of state,Never had a female head of state,Never had a female head of state,Never had a female head of state,Never had a female head of state,Never had a female head of state,Never had a female head of state,Never had a female head of state,Never had a female head of state,Never had a female head of state,Never had a female head of state,Never had a female head of state,Never had a female head of state,Never had a female head of state,Never had a female head of state,Never had a female head of state,Never had a female head of state,Never had a female head of state,Never had a female head of state,Never had a female head of state,Never had a female head of state,Never had a female head of state,Never had a female head of state,Never had a female head of state,Never had a female head of state,Never had a female head of state,Never had a female head of state,Never had a female head of state,Never had a female head of state,Never had a female head of state,Never had a female head of state,Never had a female head of state,Never had a female head of state,Never had a female head of state,Never had a female head of state,Never had a female head of state,Never had a female head of state,Never had a female head of state,Never had a female head of state,Never had a female head of state,Never had a female head of state,Never had a female head of state,Never had a female head of state,Never had a female head of state,Never had a female head of state,Never had a female head of state,Never had a female head of state,Had a female head of state,Had a female head of state,,
fin,Finland,Never had a female head of state,Never had a female head of state,Never had a female head of state,Never had a female head of state,Never had a female head of state,Never had a female head of state,Never had a female head of state,Never had a female head of state,Never had a female head of state,Never had a female head of state,Never had a female head of state,Never had a female head of state,Never had a female head of state,Never had a female head of state,Never had a female head of state,Never had a female head of state,Never had a female head of state,Never had a female head of state,Never had a female head of state,Never had a female head of state,Never had a female head of state,Never had a female head of state,Never had a female head of state,Never had a female head of state,Never had a female head of state,Never had a female head of state,Never had a female head of state,Never had a female head of state,Never had a female head of state,Never had a female head of state,Never had a female head of state,Never had a female head of state,Never had a female head of state,Never had a female head of state,Never had a female head of state,Never had a female head of state,Never had a female head of state,Never had a female head of state,Never had a female head of state,Never had a female head of state,Never had a female head of state,Never had a female head of state,Never had a female head of state,Never had a female head of state,Never had a female head of state,Never had a female head of state,Never had a female head of state,Had a female head of state,Had a female head of state,Had a female head of state,Had a female head of state,Had a female head of state,Had a female head of state,Had a female head of state,Had a female head of state,Had a female head of state,Had a female head of state,Had a female head of state,Had a female head of state,Had a female head of state,Had a female head of state,Had a female head of state,Had a female head of state,Had a female head of state,Had a female head of state,Had a female head of state,Had a female head of state,,
fji,Fiji,Never had a female head of state,Never had a female head of state,Never had a female head of state,Never had a female head of state,Never had a female head of state,Never had a female head of state,Never had a female head of state,Never had a female head of state,Never had a female head of state,Never had a female head of state,Never had a female head of state,Never had a female head of state,Never had a female head of state,Never had a female head of state,Never had a female head of state,Never had a female head of state,Never had a female head of state,Never had a female head of state,Never had a female head of state,Never had a female head of state,Never had a female head of state,Never had a female head of state,Never had a female head of state,Never had a female head of state,Never had a female head of state,Never had a female head of state,Never had a female head of state,Never had a female head of state,Never had a female head of state,Never had a female head of state,Never had a female head of state,Never had a female head of state,Never had a female head of state,Never had a female head of state,Never had a female head of state,Never had a female head of state,Never had a female head of state,Never had a female head of state,Never had a female head of state,Never had a female head of state,Never had a female head of state,Never had a female head of state,Never had a female head of state,Never had a female head of state,Never had a female head of state,Never had a female head of state,Never had a female head of state,Never had a female head of state,Never had a female head of state,Never had a female head of state,Never had a female head of state,Never had a female head of state,Never had a female head of state,Never had a female head of state,Never had a female head of state,Never had a female head of state,Never had a female head of state,Never had a female head of state,Never had a female head of state,Never had a female head of state,Never had a female head of state,Never had a female head of state,Never had a female head of state,Never had a female head of state,Never had a female head of state,Never had a female head of state,Never had a female head of state,Never had a female head of state,Never had a female head of state
fra,France,Never had a female head of state,Never had a female head of state,Never had a female head of state,Never had a female head of state,Never had a female head of state,Never had a female head of state,Never had a female head of state,Never had a female head of state,Never had a female head of state,Never had a female head of state,Never had a female head of state,Never had a female head of state,Never had a female head of state,Never had a female head of state,Never had a female head of state,Never had a female head of state,Never had a female head of state,Never had a female head of state,Never had a female head of state,Never had a female head of state,Never had a female head of state,Never had a female head of state,Never had a female head of state,Never had a female head of state,Never had a female head of state,Never had a female head of state,Never had a female head of state,Never had a female head of state,Never had a female head of state,Never had a female head of state,Never had a female head of state,Never had a female head of state,Never had a female head of state,Never had a female head of state,Never had a female head of state,Never had a female head of state,Never had a female head of state,Never had a female head of state,Had a female head of state,Had a female head of state,Had a female head of state,Had a female head of state,Had a female head of state,Had a female head of state,Had a female head of state,Had a female head of state,Had a female head of state,Had a female head of state,Had a female head of state,Had a female head of state,Had a female head of state,Had a female head of state,Had a female head of state,Had a female head of state,Had a female head of state,Had a female head of state,Had a female head of state,Had a female head of state,Had a female head of state,Had a female head of state,Had a female head of state,Had a female head of state,Had a female head of state,Had a female head of state,Had a female head of state,Had a female head of state,Had a female head of state,,
fsm,"Micronesia, Fed. Sts.",Never had a female head of state,Never had a female head of state,Never had a female head of state,Never had a female head of state,Never had a female head of state,Never had a female head of state,Never had a female head of state,Never had a female head of state,Never had a female head of state,Never had a female head of state,Never had a female head of state,Never had a female head of state,Never had a female head of state,Never had a female head of state,Never had a female head of state,Never had a female head of state,Never had a female head of state,Never had a female head of state,Never had a female head of state,Never had a female head of state,Never had a female head of state,Never had a female head of state,Never had a female head of state,Never had a female head of state,Never had a female head of state,Never had a female head of state,Never had a female head of state,Never had a female head of state,Never had a female head of state,Never had a female head of state,Never had a female head of state,Never had a female head of state,Never had a female head of state,Never had a female head of state,Never had a female head of state,Never had a female head of state,Never had a female head of state,Never had a female head of state,Never had a female head of state,Never had a female head of state,Never had a female head of state,Never had a female head of state,Never had a female head of state,Never had a female head of state,Never had a female head of state,Never had a female head of state,Never had a female head of state,Never had a female head of state,Never had a female head of state,Never had a female head of state,Never had a female head of state,Never had a female head of state,Never had a female head of state,Never had a female head of state,Never had a female head of state,Never had a female head of state,Never had a female head of state,Never had a female head of state,Never had a female head of state,Never had a female head of state,Never had a female head of state,Never had a female head of state,Never had a female head of state,Never had a female head of state,Never had a female head of state,Never had a female head of state,Never had a female head of state,Never had a female head of state,Never had a female head of state
gab,Gabon,Never had a female head of state,Never had a female head of state,Never had a female head of state,Never had a female head of state,Never had a female head of state,Never had a female head of state,Never had a female head of state,Never had a female head of state,Never had a female head of state,Never had a female head of state,Never had a female head of state,Never had a female head of state,Never had a female head of state,Never had a female head of state,Never had a female head of state,Never had a female head of state,Never had a female head of state,Never had a female head of state,Never had a female head of state,Never had a female head of state,Never had a female head of state,Never had a female head of state,Never had a female head of state,Never had a female head of state,Never had a female head of state,Never had a female head of state,Never had a female head of state,Never had a female head of state,Never had a female head of state,Never had a female head of state,Never had a female head of state,Never had a female head of state,Never had a female head of state,Never had a female head of state,Never had a female head of state,Never had a female head of state,Never had a female head of state,Never had a female head of state,Never had a female head of state,Never had a female head of state,Never had a female head of state,Never had a female head of state,Never had a female head of state,Never had a female head of state,Never had a female head of state,Never had a female head of state,Never had a female head of state,Never had a female head of state,Never had a female head of state,Never had a female head of state,Never had a female head of state,Never had a female head of state,Never had a female head of state,Never had a female head of state,Never had a female head of state,Never had a female head of state,Had a female head of state,Had a female head of state,Had a female head of state,Had a female head of state,Had a female head of state,Had a female head of state,Had a female head of state,Had a female head of state,Had a female head of state,Had a female head of state,Had a female head of state,,
gbr,UK,Never had a female head of state,Never had a female head of state,Never had a female head of state,Never had a female head of state,Never had a female head of state,Never had a female head of state,Never had a female head of state,Never had a female head of state,Never had a female head of state,Never had a female head of state,Never had a female head of state,Never had a female head of state,Never had a female head of state,Never had a female head of state,Never had a female head of state,Never had a female head of state,Never had a female head of state,Never had a female head of state,Never had a female head of state,Never had a female head of state,Never had a female head of state,Never had a female head of state,Never had a female head of state,Never had a female head of state,Never had a female head of state,Never had a female head of state,Had a female head of state,Had a female head of state,Had a female head of state,Had a female head of state,Had a female head of state,Had a female head of state,Had a female head of state,Had a female head of state,Had a female head of state,Had a female head of state,Had a female head of state,Had a female head of state,Had a female head of state,Had a female head of state,Had a female head of state,Had a female head of state,Had a female head of state,Had a female head of state,Had a female head of state,Had a female head of state,Had a female head of state,Had a female head of state,Had a female head of state,Had a female head of state,Had a female head of state,Had a female head of state,Had a female head of state,Had a female head of state,Had a female head of state,Had a female head of state,Had a female head of state,Had a female head of state,Had a female head of state,Had a female head of state,Had a female head of state,Had a female head of state,Had a female head of state,Had a female head of state,Had a female head of state,Had a female head of state,Had a female head of state,,
geo,Georgia,Never had a female head of state,Never had a female head of state,Never had a female head of state,Never had a female head of state,Never had a female head of state,Never had a female head of state,Never had a female head of state,Never had a female head of state,Never had a female head of state,Never had a female head of state,Never had a female head of state,Never had a female head of state,Never had a female head of state,Never had a female head of state,Never had a female head of state,Never had a female head of state,Never had a female head of state,Never had a female head of state,Never had a female head of state,Never had a female head of state,Never had a female head of state,Never had a female head of state,Never had a female head of state,Never had a female head of state,Never had a female head of state,Never had a female head of state,Never had a female head of state,Never had a female head of state,Never had a female head of state,Never had a female head of state,Never had a female head of state,Never had a female head of state,Never had a female head of state,Never had a female head of state,Never had a female head of state,Never had a female head of state,Never had a female head of state,Never had a female head of state,Never had a female head of state,Never had a female head of state,Never had a female head of state,Never had a female head of state,Never had a female head of state,Never had a female head of state,Never had a female head of state,Never had a female head of state,Never had a female head of state,Never had a female head of state,Never had a female head of state,Never had a female head of state,Had a female head of state,Had a female head of state,Had a female head of state,Had a female head of state,Had a female head of state,Had a female head of state,Had a female head of state,Had a female head of state,Had a female head of state,Had a female head of state,Had a female head of state,Had a female head of state,Had a female head of state,Had a female head of state,Had a female head of state,Had a female head of state,Had a female head of state,,
gha,Ghana,Never had a female head of state,Never had a female head of state,Never had a female head of state,Never had a female head of state,Never had a female head of state,Never had a female head of state,Never had a female head of state,Never had a female head of state,Never had a female head of state,Never had a female head of state,Never had a female head of state,Never had a female head of state,Never had a female head of state,Never had a female head of state,Never had a female head of state,Never had a female head of state,Never had a female head of state,Never had a female head of state,Never had a female head of state,Never had a female head of state,Never had a female head of state,Never had a female head of state,Never had a female head of state,Never had a female head of state,Never had a female head of state,Never had a female head of state,Never had a female head of state,Never had a female head of state,Never had a female head of state,Never had a female head of state,Never had a female head of state,Never had a female head of state,Never had a female head of state,Never had a female head of state,Never had a female head of state,Never had a female head of state,Never had a female head of state,Never had a female head of state,Never had a female head of state,Never had a female head of state,Never had a female head of state,Never had a female head of state,Never had a female head of state,Never had a female head of state,Never had a female head of state,Never had a female head of state,Never had a female head of state,Never had a female head of state,Never had a female head of state,Never had a female head of state,Never had a female head of state,Never had a female head of state,Never had a female head of state,Never had a female head of state,Never had a female head of state,Never had a female head of state,Never had a female head of state,Never had a female head of state,Never had a female head of state,Never had a female head of state,Never had a female head of state,Never had a female head of state,Never had a female head of state,Never had a female head of state,Never had a female head of state,Never had a female head of state,Never had a female head of state,Never had a female head of state,Never had a female head of state
gin,Guinea,Never had a female head of state,Never had a female head of state,Never had a female head of state,Never had a female head of state,Never had a female head of state,Never had a female head of state,Never had a female head of state,Never had a female head of state,Never had a female head of state,Never had a female head of state,Never had a female head of state,Never had a female head of state,Never had a female head of state,Never had a female head of state,Never had a female head of state,Never had a female head of state,Never had a female head of state,Never had a female head of state,Never had a female head of state,Never had a female head of state,Never had a female head of state,Never had a female head of state,Never had a female head of state,Never had a female head of state,Never had a female head of state,Never had a female head of state,Never had a female head of state,Never had a female head of state,Never had a female head of state,Never had a female head of state,Never had a female head of state,Never had a female head of state,Never had a female head of state,Never had a female head of state,Never had a female head of state,Never had a female head of state,Never had a female head of state,Never had a female head of state,Never had a female head of state,Never had a female head of state,Never had a female head of state,Never had a female head of state,Never had a female head of state,Never had a female head of state,Never had a female head of state,Never had a female head of state,Never had a female head of state,Never had a female head of state,Never had a female head of state,Never had a female head of state,Never had a female head of state,Never had a female head of state,Never had a female head of state,Never had a female head of state,Never had a female head of state,Never had a female head of state,Never had a female head of state,Never had a female head of state,Never had a female head of state,Never had a female head of state,Never had a female head of state,Never had a female head of state,Never had a female head of state,Never had a female head of state,Never had a female head of state,Never had a female head of state,Never had a female head of state,Never had a female head of state,Never had a female head of state
gmb,Gambia,Never had a female head of state,Never had a female head of state,Never had a female head of state,Never had a female head of state,Never had a female head of state,Never had a female head of state,Never had a female head of state,Never had a female head of state,Never had a female head of state,Never had a female head of state,Never had a female head of state,Never had a female head of state,Never had a female head of state,Never had a female head of state,Never had a female head of state,Never had a female head of state,Never had a female head of state,Never had a female head of state,Never had a female head of state,Never had a female head of state,Never had a female head of state,Never had a female head of state,Never had a female head of state,Never had a female head of state,Never had a female head of state,Never had a female head of state,Never had a female head of state,Never had a female head of state,Never had a female head of state,Never had a female head of state,Never had a female head of state,Never had a female head of state,Never had a female head of state,Never had a female head of state,Never had a female head of state,Never had a female head of state,Never had a female head of state,Never had a female head of state,Never had a female head of state,Never had a female head of state,Never had a female head of state,Never had a female head of state,Never had a female head of state,Never had a female head of state,Never had a female head of state,Never had a female head of state,Never had a female head of state,Never had a female head of state,Never had a female head of state,Never had a female head of state,Never had a female head of state,Never had a female head of state,Never had a female head of state,Never had a female head of state,Never had a female head of state,Never had a female head of state,Never had a female head of state,Never had a female head of state,Never had a female head of state,Never had a female head of state,Never had a female head of state,Never had a female head of state,Never had a female head of state,Never had a female head of state,Never had a female head of state,Never had a female head of state,Never had a female head of state,Never had a female head of state,Never had a female head of state
gnb,Guinea-Bissau,Never had a female head of state,Never had a female head of state,Never had a female head of state,Never had a female head of state,Never had a female head of state,Never had a female head of state,Never had a female head of state,Never had a female head of state,Never had a female head of state,Never had a female head of state,Never had a female head of state,Never had a female head of state,Never had a female head of state,Never had a female head of state,Never had a female head of state,Never had a female head of state,Never had a female head of state,Never had a female head of state,Never had a female head of state,Never had a female head of state,Never had a female head of state,Never had a female head of state,Never had a female head of state,Never had a female head of state,Never had a female head of state,Never had a female head of state,Never had a female head of state,Never had a female head of state,Never had a female head of state,Never had a female head of state,Never had a female head of state,Had a female head of state,Had a female head of state,Had a female head of state,Had a female head of state,Had a female head of state,Had a female head of state,Had a female head of state,Had a female head of state,Had a female head of state,Had a female head of state,Had a female head of state,Had a female head of state,Had a female head of state,Had a female head of state,Had a female head of state,Had a female head of state,Had a female head of state,Had a female head of state,Had a female head of state,Had a female head of state,Had a female head of state,Had a female head of state,Had a female head of state,Had a female head of state,Had a female head of state,Had a female head of state,Had a female head of state,Had a female head of state,Had a female head of state,Had a female head of state,Had a female head of state,Had a female head of state,Had a female head of state,Had a female head of state,Had a female head of state,Had a female head of state,,
gnq,Equatorial Guinea,Never had a female head of state,Never had a female head of state,Never had a female head of state,Never had a female head of state,Never had a female head of state,Never had a female head of state,Never had a female head of state,Never had a female head of state,Never had a female head of state,Never had a female head of state,Never had a female head of state,Never had a female head of state,Never had a female head of state,Never had a female head of state,Never had a female head of state,Never had a female head of state,Never had a female head of state,Never had a female head of state,Never had a female head of state,Never had a female head of state,Never had a female head of state,Never had a female head of state,Never had a female head of state,Never had a female head of state,Never had a female head of state,Never had a female head of state,Never had a female head of state,Never had a female head of state,Never had a female head of state,Never had a female head of state,Never had a female head of state,Never had a female head of state,Never had a female head of state,Never had a female head of state,Never had a female head of state,Never had a female head of state,Never had a female head of state,Never had a female head of state,Never had a female head of state,Never had a female head of state,Never had a female head of state,Never had a female head of state,Never had a female head of state,Never had a female head of state,Never had a female head of state,Never had a female head of state,Never had a female head of state,Never had a female head of state,Never had a female head of state,Never had a female head of state,Never had a female head of state,Never had a female head of state,Never had a female head of state,Never had a female head of state,Never had a female head of state,Never had a female head of state,Never had a female head of state,Never had a female head of state,Never had a female head of state,Never had a female head of state,Never had a female head of state,Never had a female head of state,Never had a female head of state,Never had a female head of state,Never had a female head of state,Never had a female head of state,Never had a female head of state,Never had a female head of state,Never had a female head of state
grc,Greece,Never had a female head of state,Never had a female head of state,Never had a female head of state,Never had a female head of state,Never had a female head of state,Never had a female head of state,Never had a female head of state,Never had a female head of state,Never had a female head of state,Never had a female head of state,Never had a female head of state,Never had a female head of state,Never had a female head of state,Never had a female head of state,Never had a female head of state,Never had a female head of state,Never had a female head of state,Never had a female head of state,Never had a female head of state,Never had a female head of state,Never had a female head of state,Never had a female head of state,Never had a female head of state,Never had a female head of state,Never had a female head of state,Never had a female head of state,Never had a female head of state,Never had a female head of state,Never had a female head of state,Never had a female head of state,Never had a female head of state,Never had a female head of state,Never had a female head of state,Never had a female head of state,Never had a female head of state,Never had a female head of state,Never had a female head of state,Never had a female head of state,Never had a female head of state,Never had a female head of state,Never had a female head of state,Never had a female head of state,Never had a female head of state,Never had a female head of state,Never had a female head of state,Never had a female head of state,Never had a female head of state,Never had a female head of state,Never had a female head of state,Never had a female head of state,Never had a female head of state,Never had a female head of state,Never had a female head of state,Never had a female head of state,Never had a female head of state,Never had a female head of state,Never had a female head of state,Never had a female head of state,Never had a female head of state,Never had a female head of state,Never had a female head of state,Never had a female head of state,Had a female head of state,Had a female head of state,Had a female head of state,Had a female head of state,Had a female head of state,,
grd,Grenada,Never had a female head of state,Never had a female head of state,Never had a female head of state,Never had a female head of state,Never had a female head of state,Never had a female head of state,Never had a female head of state,Never had a female head of state,Never had a female head of state,Never had a female head of state,Never had a female head of state,Never had a female head of state,Never had a female head of state,Never had a female head of state,Never had a female head of state,Never had a female head of state,Never had a female head of state,Never had a female head of state,Never had a female head of state,Never had a female head of state,Never had a female head of state,Never had a female head of state,Never had a female head of state,Never had a female head of state,Never had a female head of state,Never had a female head of state,Never had a female head of state,Never had a female head of state,Never had a female head of state,Never had a female head of state,Never had a female head of state,Never had a female head of state,Never had a female head of state,Never had a female head of state,Never had a female head of state,Never had a female head of state,Never had a female head of state,Never had a female head of state,Never had a female head of state,Never had a female head of state,Never had a female head of state,Never had a female head of state,Never had a female head of state,Never had a female head of state,Never had a female head of state,Never had a female head of state,Never had a female head of state,Never had a female head of state,Never had a female head of state,Never had a female head of state,Never had a female head of state,Never had a female head of state,Never had a female head of state,Never had a female head of state,Never had a female head of state,Never had a female head of state,Never had a female head of state,Never had a female head of state,Never had a female head of state,Never had a female head of state,Never had a female head of state,Never had a female head of state,Never had a female head of state,Never had a female head of state,Never had a female head of state,Never had a female head of state,Never had a female head of state,Never had a female head of state,Never had a female head of state
gtm,Guatemala,Never had a female head of state,Never had a female head of state,Never had a female head of state,Never had a female head of state,Never had a female head of state,Never had a female head of state,Never had a female head of state,Never had a female head of state,Never had a female head of state,Never had a female head of state,Never had a female head of state,Never had a female head of state,Never had a female head of state,Never had a female head of state,Never had a female head of state,Never had a female head of state,Never had a female head of state,Never had a female head of state,Never had a female head of state,Never had a female head of state,Never had a female head of state,Never had a female head of state,Never had a female head of state,Never had a female head of state,Never had a female head of state,Never had a female head of state,Never had a female head of state,Never had a female head of state,Never had a female head of state,Never had a female head of state,Never had a female head of state,Never had a female head of state,Never had a female head of state,Never had a female head of state,Never had a female head of state,Never had a female head of state,Never had a female head of state,Never had a female head of state,Never had a female head of state,Never had a female head of state,Never had a female head of state,Never had a female head of state,Never had a female head of state,Never had a female head of state,Never had a female head of state,Never had a female head of state,Never had a female head of state,Never had a female head of state,Never had a female head of state,Never had a female head of state,Never had a female head of state,Never had a female head of state,Never had a female head of state,Never had a female head of state,Never had a female head of state,Never had a female head of state,Never had a female head of state,Never had a female head of state,Never had a female head of state,Never had a female head of state,Never had a female head of state,Never had a female head of state,Never had a female head of state,Never had a female head of state,Never had a female head of state,Never had a female head of state,Never had a female head of state,Never had a female head of state,Never had a female head of state
guy,Guyana,Never had a female head of state,Never had a female head of state,Never had a female head of state,Never had a female head of state,Never had a female head of state,Never had a female head of state,Never had a female head of state,Never had a female head of state,Never had a female head of state,Never had a female head of state,Never had a female head of state,Never had a female head of state,Never had a female head of state,Never had a female head of state,Never had a female head of state,Never had a female head of state,Never had a female head of state,Never had a female head of state,Never had a female head of state,Never had a female head of state,Never had a female head of state,Never had a female head of state,Never had a female head of state,Never had a female head of state,Never had a female head of state,Never had a female head of state,Never had a female head of state,Never had a female head of state,Never had a female head of state,Never had a female head of state,Never had a female head of state,Never had a female head of state,Never had a female head of state,Never had a female head of state,Never had a female head of state,Never had a female head of state,Never had a female head of state,Never had a female head of state,Never had a female head of state,Never had a female head of state,Never had a female head of state,Never had a female head of state,Never had a female head of state,Never had a female head of state,Had a female head of state,Had a female head of state,Had a female head of state,Had a female head of state,Had a female head of state,Had a female head of state,Had a female head of state,Had a female head of state,Had a female head of state,Had a female head of state,Had a female head of state,Had a female head of state,Had a female head of state,Had a female head of state,Had a female head of state,Had a female head of state,Had a female head of state,Had a female head of state,Had a female head of state,Had a female head of state,Had a female head of state,Had a female head of state,Had a female head of state,,
hnd,Honduras,Never had a female head of state,Never had a female head of state,Never had a female head of state,Never had a female head of state,Never had a female head of state,Never had a female head of state,Never had a female head of state,Never had a female head of state,Never had a female head of state,Never had a female head of state,Never had a female head of state,Never had a female head of state,Never had a female head of state,Never had a female head of state,Never had a female head of state,Never had a female head of state,Never had a female head of state,Never had a female head of state,Never had a female head of state,Never had a female head of state,Never had a female head of state,Never had a female head of state,Never had a female head of state,Never had a female head of state,Never had a female head of state,Never had a female head of state,Never had a female head of state,Never had a female head of state,Never had a female head of state,Never had a female head of state,Never had a female head of state,Never had a female head of state,Never had a female head of state,Never had a female head of state,Never had a female head of state,Never had a female head of state,Never had a female head of state,Never had a female head of state,Never had a female head of state,Never had a female head of state,Never had a female head of state,Never had a female head of state,Never had a female head of state,Never had a female head of state,Never had a female head of state,Never had a female head of state,Never had a female head of state,Never had a female head of state,Never had a female head of state,Never had a female head of state,Never had a female head of state,Never had a female head of state,Never had a female head of state,Never had a female head of state,Never had a female head of state,Never had a female head of state,Never had a female head of state,Never had a female head of state,Never had a female head of state,Never had a female head of state,Never had a female head of state,Never had a female head of state,Never had a female head of state,Never had a female head of state,Never had a female head of state,Never had a female head of state,Never had a female head of state,Never had a female head of state,Never had a female head of state
hos,Holy See,Never had a female head of state,Never had a female head of state,Never had a female head of state,Never had a female head of state,Never had a female head of state,Never had a female head of state,Never had a female head of state,Never had a female head of state,Never had a female head of state,Never had a female head of state,Never had a female head of state,Never had a female head of state,Never had a female head of state,Never had a female head of state,Never had a female head of state,Never had a female head of state,Never had a female head of state,Never had a female head of state,Never had a female head of state,Never had a female head of state,Never had a female head of state,Never had a female head of state,Never had a female head of state,Never had a female head of state,Never had a female head of state,Never had a female head of state,Never had a female head of state,Never had a female head of state,Never had a female head of state,Never had a female head of state,Never had a female head of state,Never had a female head of state,Never had a female head of state,Never had a female head of state,Never had a female head of state,Never had a female head of state,Never had a female head of state,Never had a female head of state,Never had a female head of state,Never had a female head of state,Never had a female head of state,Never had a female head of state,Never had a female head of state,Never had a female head of state,Never had a female head of state,Never had a female head of state,Never had a female head of state,Never had a female head of state,Never had a female head of state,Never had a female head of state,Never had a female head of state,Never had a female head of state,Never had a female head of state,Never had a female head of state,Never had a female head of state,Never had a female head of state,Never had a female head of state,Never had a female head of state,Never had a female head of state,Never had a female head of state,Never had a female head of state,Never had a female head of state,Never had a female head of state,Never had a female head of state,Never had a female head of state,Never had a female head of state,Never had a female head of state,Never had a female head of state,Never had a female head of state
hrv,Croatia,Never had a female head of state,Never had a female head of state,Never had a female head of state,Never had a female head of state,Never had a female head of state,Never had a female head of state,Never had a female head of state,Never had a female head of state,Never had a female head of state,Never had a female head of state,Never had a female head of state,Never had a female head of state,Never had a female head of state,Never had a female head of state,Never had a female head of state,Never had a female head of state,Never had a female head of state,Never had a female head of state,Never had a female head of state,Never had a female head of state,Never had a female head of state,Never had a female head of state,Never had a female head of state,Never had a female head of state,Never had a female head of state,Never had a female head of state,Never had a female head of state,Never had a female head of state,Never had a female head of state,Never had a female head of state,Never had a female head of state,Never had a female head of state,Never had a female head of state,Never had a female head of state,Never had a female head of state,Never had a female head of state,Never had a female head of state,Never had a female head of state,Never had a female head of state,Never had a female head of state,Never had a female head of state,Never had a female head of state,Never had a female head of state,Never had a female head of state,Never had a female head of state,Never had a female head of state,Never had a female head of state,Never had a female head of state,Never had a female head of state,Never had a female head of state,Never had a female head of state,Never had a female head of state,Never had a female head of state,Never had a female head of state,Never had a female head of state,Never had a female head of state,Had a female head of state,Had a female head of state,Had a female head of state,Had a female head of state,Had a female head of state,Had a female head of state,Had a female head of state,Had a female head of state,Had a female head of state,Had a female head of state,Had a female head of state,,
hti,Haiti,Never had a female head of state,Never had a female head of state,Never had a female head of state,Never had a female head of state,Never had a female head of state,Never had a female head of state,Never had a female head of state,Never had a female head of state,Never had a female head of state,Never had a female head of state,Never had a female head of state,Never had a female head of state,Never had a female head of state,Never had a female head of state,Never had a female head of state,Never had a female head of state,Never had a female head of state,Never had a female head of state,Never had a female head of state,Never had a female head of state,Never had a female head of state,Never had a female head of state,Never had a female head of state,Never had a female head of state,Never had a female head of state,Never had a female head of state,Never had a female head of state,Never had a female head of state,Never had a female head of state,Never had a female head of state,Never had a female head of state,Never had a female head of state,Never had a female head of state,Never had a female head of state,Never had a female head of state,Never had a female head of state,Never had a female head of state,Had a female head of state,Had a female head of state,Had a female head of state,Had a female head of state,Had a female head of state,Had a female head of state,Had a female head of state,Had a female head of state,Had a female head of state,Had a female head of state,Had a female head of state,Had a female head of state,Had a female head of state,Had a female head of state,Had a female head of state,Had a female head of state,Had a female head of state,Had a female head of state,Had a female head of state,Had a female head of state,Had a female head of state,Had a female head of state,Had a female head of state,Had a female head of state,Had a female head of state,Had a female head of state,Had a female head of state,Had a female head of state,Had a female head of state,Had a female head of state,,
hun,Hungary,Never had a female head of state,Never had a female head of state,Never had a female head of state,Never had a female head of state,Never had a female head of state,Never had a female head of state,Never had a female head of state,Never had a female head of state,Never had a female head of state,Never had a female head of state,Never had a female head of state,Never had a female head of state,Never had a female head of state,Never had a female head of state,Never had a female head of state,Never had a female head of state,Never had a female head of state,Never had a female head of state,Never had a female head of state,Never had a female head of state,Never had a female head of state,Never had a female head of state,Never had a female head of state,Never had a female head of state,Never had a female head of state,Never had a female head of state,Never had a female head of state,Never had a female head of state,Never had a female head of state,Never had a female head of state,Never had a female head of state,Never had a female head of state,Never had a female head of state,Never had a female head of state,Never had a female head of state,Never had a female head of state,Never had a female head of state,Never had a female head of state,Never had a female head of state,Never had a female head of state,Never had a female head of state,Never had a female head of state,Never had a female head of state,Never had a female head of state,Never had a female head of state,Never had a female head of state,Never had a female head of state,Never had a female head of state,Never had a female head of state,Never had a female head of state,Never had a female head of state,Never had a female head of state,Never had a female head of state,Never had a female head of state,Never had a female head of state,Never had a female head of state,Never had a female head of state,Never had a female head of state,Never had a female head of state,Never had a female head of state,Never had a female head of state,Never had a female head of state,Never had a female head of state,Never had a female head of state,Never had a female head of state,Never had a female head of state,Never had a female head of state,Never had a female head of state,Never had a female head of state
idn,Indonesia,Never had a female head of state,Never had a female head of state,Never had a female head of state,Never had a female head of state,Never had a female head of state,Never had a female head of state,Never had a female head of state,Never had a female head of state,Never had a female head of state,Never had a female head of state,Never had a female head of state,Never had a female head of state,Never had a female head of state,Never had a female head of state,Never had a female head of state,Never had a female head of state,Never had a female head of state,Never had a female head of state,Never had a female head of state,Never had a female head of state,Never had a female head of state,Never had a female head of state,Never had a female head of state,Never had a female head of state,Never had a female head of state,Never had a female head of state,Never had a female head of state,Never had a female head of state,Never had a female head of state,Never had a female head of state,Never had a female head of state,Never had a female head of state,Never had a female head of state,Never had a female head of state,Never had a female head of state,Never had a female head of state,Never had a female head of state,Never had a female head of state,Never had a female head of state,Never had a female head of state,Never had a female head of state,Never had a female head of state,Never had a female head of state,Never had a female head of state,Never had a female head of state,Never had a female head of state,Never had a female head of state,Never had a female head of state,Had a female head of state,Had a female head of state,Had a female head of state,Had a female head of state,Had a female head of state,Had a female head of state,Had a female head of state,Had a female head of state,Had a female head of state,Had a female head of state,Had a female head of state,Had a female head of state,Had a female head of state,Had a female head of state,Had a female head of state,Had a female head of state,Had a female head of state,Had a female head of state,Had a female head of state,,
ind,India,Never had a female head of state,Never had a female head of state,Never had a female head of state,Never had a female head of state,Never had a female head of state,Never had a female head of state,Never had a female head of state,Never had a female head of state,Never had a female head of state,Never had a female head of state,Never had a female head of state,Never had a female head of state,Never had a female head of state,Had a female head of state,Had a female head of state,Had a female head of state,Had a female head of state,Had a female head of state,Had a female head of state,Had a female head of state,Had a female head of state,Had a female head of state,Had a female head of state,Had a female head of state,Had a female head of state,Had a female head of state,Had a female head of state,Had a female head of state,Had a female head of state,Had a female head of state,Had a female head of state,Had a female head of state,Had a female head of state,Had a female head of state,Had a female head of state,Had a female head of state,Had a female head of state,Had a female head of state,Had a female head of state,Had a female head of state,Had a female head of state,Had a female head of state,Had a female head of state,Had a female head of state,Had a female head of state,Had a female head of state,Had a female head of state,Had a female head of state,Had a female head of state,Had a female head of state,Had a female head of state,Had a female head of state,Had a female head of state,Had a female head of state,Had a female head of state,Had a female head of state,Had a female head of state,Had a female head of state,Had a female head of state,Had a female head of state,Had a female head of state,Had a female head of state,Had a female head of state,Had a female head of state,Had a female head of state,Had a female head of state,Had a female head of state,,
irl,Ireland,Never had a female head of state,Never had a female head of state,Never had a female head of state,Never had a female head of state,Never had a female head of state,Never had a female head of state,Never had a female head of state,Never had a female head of state,Never had a female head of state,Never had a female head of state,Never had a female head of state,Never had a female head of state,Never had a female head of state,Never had a female head of state,Never had a female head of state,Never had a female head of state,Never had a female head of state,Never had a female head of state,Never had a female head of state,Never had a female head of state,Never had a female head of state,Never had a female head of state,Never had a female head of state,Never had a female head of state,Never had a female head of state,Never had a female head of state,Never had a female head of state,Never had a female head of state,Never had a female head of state,Never had a female head of state,Never had a female head of state,Never had a female head of state,Never had a female head of state,Never had a female head of state,Never had a female head of state,Never had a female head of state,Never had a female head of state,Had a female head of state,Had a female head of state,Had a female head of state,Had a female head of state,Had a female head of state,Had a female head of state,Had a female head of state,Had a female head of state,Had a female head of state,Had a female head of state,Had a female head of state,Had a female head of state,Had a female head of state,Had a female head of state,Had a female head of state,Had a female head of state,Had a female head of state,Had a female head of state,Had a female head of state,Had a female head of state,Had a female head of state,Had a female head of state,Had a female head of state,Had a female head of state,Had a female head of state,Had a female head of state,Had a female head of state,Had a female head of state,Had a female head of state,Had a female head of state,,
irn,Iran,Never had a female head of state,Never had a female head of state,Never had a female head of state,Never had a female head of state,Never had a female head of state,Never had a female head of state,Never had a female head of state,Never had a female head of state,Never had a female head of state,Never had a female head of state,Never had a female head of state,Never had a female head of state,Never had a female head of state,Never had a female head of state,Never had a female head of state,Never had a female head of state,Never had a female head of state,Never had a female head of state,Never had a female head of state,Never had a female head of state,Never had a female head of state,Never had a female head of state,Never had a female head of state,Never had a female head of state,Never had a female head of state,Never had a female head of state,Never had a female head of state,Never had a female head of state,Never had a female head of state,Never had a female head of state,Never had a female head of state,Never had a female head of state,Never had a female head of state,Never had a female head of state,Never had a female head of state,Never had a female head of state,Never had a female head of state,Never had a female head of state,Never had a female head of state,Never had a female head of state,Never had a female head of state,Never had a female head of state,Never had a female head of state,Never had a female head of state,Never had a female head of state,Never had a female head of state,Never had a female head of state,Never had a female head of state,Never had a female head of state,Never had a female head of state,Never had a female head of state,Never had a female head of state,Never had a female head of state,Never had a female head of state,Never had a female head of state,Never had a female head of state,Never had a female head of state,Never had a female head of state,Never had a female head of state,Never had a female head of state,Never had a female head of state,Never had a female head of state,Never had a female head of state,Never had a female head of state,Never had a female head of state,Never had a female head of state,Never had a female head of state,Never had a female head of state,Never had a female head of state
irq,Iraq,Never had a female head of state,Never had a female head of state,Never had a female head of state,Never had a female head of state,Never had a female head of state,Never had a female head of state,Never had a female head of state,Never had a female head of state,Never had a female head of state,Never had a female head of state,Never had a female head of state,Never had a female head of state,Never had a female head of state,Never had a female head of state,Never had a female head of state,Never had a female head of state,Never had a female head of state,Never had a female head of state,Never had a female head of state,Never had a female head of state,Never had a female head of state,Never had a female head of state,Never had a female head of state,Never had a female head of state,Never had a female head of state,Never had a female head of state,Never had a female head of state,Never had a female head of state,Never had a female head of state,Never had a female head of state,Never had a female head of state,Never had a female head of state,Never had a female head of state,Never had a female head of state,Never had a female head of state,Never had a female head of state,Never had a female head of state,Never had a female head of state,Never had a female head of state,Never had a female head of state,Never had a female head of state,Never had a female head of state,Never had a female head of state,Never had a female head of state,Never had a female head of state,Never had a female head of state,Never had a female head of state,Never had a female head of state,Never had a female head of state,Never had a female head of state,Never had a female head of state,Never had a female head of state,Never had a female head of state,Never had a female head of state,Never had a female head of state,Never had a female head of state,Never had a female head of state,Never had a female head of state,Never had a female head of state,Never had a female head of state,Never had a female head of state,Never had a female head of state,Never had a female head of state,Never had a female head of state,Never had a female head of state,Never had a female head of state,Never had a female head of state,Never had a female head of state,Never had a female head of state
isl,Iceland,Never had a female head of state,Never had a female head of state,Never had a female head of state,Never had a female head of state,Never had a female head of state,Never had a female head of state,Never had a female head of state,Never had a female head of state,Never had a female head of state,Never had a female head of state,Never had a female head of state,Never had a female head of state,Never had a female head of state,Never had a female head of state,Never had a female head of state,Never had a female head of state,Never had a female head of state,Never had a female head of state,Never had a female head of state,Never had a female head of state,Never had a female head of state,Never had a female head of state,Never had a female head of state,Never had a female head of state,Never had a female head of state,Never had a female head of state,Never had a female head of state,Had a female head of state,Had a female head of state,Had a female head of state,Had a female head of state,Had a female head of state,Had a female head of state,Had a female head of state,Had a female head of state,Had a female head of state,Had a female head of state,Had a female head of state,Had a female head of state,Had a female head of state,Had a female head of state,Had a female head of state,Had a female head of state,Had a female head of state,Had a female head of state,Had a female head of state,Had a female head of state,Had a female head of state,Had a female head of state,Had a female head of state,Had a female head of state,Had a female head of state,Had a female head of state,Had a female head of state,Had a female head of state,Had a female head of state,Had a female head of state,Had a female head of state,Had a female head of state,Had a female head of state,Had a female head of state,Had a female head of state,Had a female head of state,Had a female head of state,Had a female head of state,Had a female head of state,Had a female head of state,,
isr,Israel,Never had a female head of state,Never had a female head of state,Never had a female head of state,Never had a female head of state,Never had a female head of state,Never had a female head of state,Never had a female head of state,Never had a female head of state,Never had a female head of state,Never had a female head of state,Never had a female head of state,Never had a female head of state,Never had a female head of state,Never had a female head of state,Never had a female head of state,Never had a female head of state,Had a female head of state,Had a female head of state,Had a female head of state,Had a female head of state,Had a female head of state,Had a female head of state,Had a female head of state,Had a female head of state,Had a female head of state,Had a female head of state,Had a female head of state,Had a female head of state,Had a female head of state,Had a female head of state,Had a female head of state,Had a female head of state,Had a female head of state,Had a female head of state,Had a female head of state,Had a female head of state,Had a female head of state,Had a female head of state,Had a female head of state,Had a female head of state,Had a female head of state,Had a female head of state,Had a female head of state,Had a female head of state,Had a female head of state,Had a female head of state,Had a female head of state,Had a female head of state,Had a female head of state,Had a female head of state,Had a female head of state,Had a female head of state,Had a female head of state,Had a female head of state,Had a female head of state,Had a female head of state,Had a female head of state,Had a female head of state,Had a female head of state,Had a female head of state,Had a female head of state,Had a female head of state,Had a female head of state,Had a female head of state,Had a female head of state,Had a female head of state,Had a female head of state,,
ita,Italy,Never had a female head of state,Never had a female head of state,Never had a female head of state,Never had a female head of state,Never had a female head of state,Never had a female head of state,Never had a female head of state,Never had a female head of state,Never had a female head of state,Never had a female head of state,Never had a female head of state,Never had a female head of state,Never had a female head of state,Never had a female head of state,Never had a female head of state,Never had a female head of state,Never had a female head of state,Never had a female head of state,Never had a female head of state,Never had a female head of state,Never had a female head of state,Never had a female head of state,Never had a female head of state,Never had a female head of state,Never had a female head of state,Never had a female head of state,Never had a female head of state,Never had a female head of state,Never had a female head of state,Never had a female head of state,Never had a female head of state,Never had a female head of state,Never had a female head of state,Never had a female head of state,Never had a female head of state,Never had a female head of state,Never had a female head of state,Never had a female head of state,Never had a female head of state,Never had a female head of state,Never had a female head of state,Never had a female head of state,Never had a female head of state,Never had a female head of state,Never had a female head of state,Never had a female head of state,Never had a female head of state,Never had a female head of state,Never had a female head of state,Never had a female head of state,Never had a female head of state,Never had a female head of state,Never had a female head of state,Never had a female head of state,Never had a female head of state,Never had a female head of state,Never had a female head of state,Never had a female head of state,Never had a female head of state,Never had a female head of state,Never had a female head of state,Never had a female head of state,Never had a female head of state,Never had a female head of state,Never had a female head of state,Never had a female head of state,Never had a female head of state,Never had a female head of state,Never had a female head of state
jam,Jamaica,Never had a female head of state,Never had a female head of state,Never had a female head of state,Never had a female head of state,Never had a female head of state,Never had a female head of state,Never had a female head of state,Never had a female head of state,Never had a female head of state,Never had a female head of state,Never had a female head of state,Never had a female head of state,Never had a female head of state,Never had a female head of state,Never had a female head of state,Never had a female head of state,Never had a female head of state,Never had a female head of state,Never had a female head of state,Never had a female head of state,Never had a female head of state,Never had a female head of state,Never had a female head of state,Never had a female head of state,Never had a female head of state,Never had a female head of state,Never had a female head of state,Never had a female head of state,Never had a female head of state,Never had a female head of state,Never had a female head of state,Never had a female head of state,Never had a female head of state,Never had a female head of state,Never had a female head of state,Never had a female head of state,Never had a female head of state,Never had a female head of state,Never had a female head of state,Never had a female head of state,Never had a female head of state,Never had a female head of state,Never had a female head of state,Never had a female head of state,Never had a female head of state,Never had a female head of state,Never had a female head of state,Never had a female head of state,Never had a female head of state,Never had a female head of state,Never had a female head of state,Never had a female head of state,Never had a female head of state,Had a female head of state,Had a female head of state,Had a female head of state,Had a female head of state,Had a female head of state,Had a female head of state,Had a female head of state,Had a female head of state,Had a female head of state,Had a female head of state,Had a female head of state,Had a female head of state,Had a female head of state,Had a female head of state,,
jor,Jordan,Never had a female head of state,Never had a female head of state,Never had a female head of state,Never had a female head of state,Never had a female head of state,Never had a female head of state,Never had a female head of state,Never had a female head of state,Never had a female head of state,Never had a female head of state,Never had a female head of state,Never had a female head of state,Never had a female head of state,Never had a female head of state,Never had a female head of state,Never had a female head of state,Never had a female head of state,Never had a female head of state,Never had a female head of state,Never had a female head of state,Never had a female head of state,Never had a female head of state,Never had a female head of state,Never had a female head of state,Never had a female head of state,Never had a female head of state,Never had a female head of state,Never had a female head of state,Never had a female head of state,Never had a female head of state,Never had a female head of state,Never had a female head of state,Never had a female head of state,Never had a female head of state,Never had a female head of state,Never had a female head of state,Never had a female head of state,Never had a female head of state,Never had a female head of state,Never had a female head of state,Never had a female head of state,Never had a female head of state,Never had a female head of state,Never had a female head of state,Never had a female head of state,Never had a female head of state,Never had a female head of state,Never had a female head of state,Never had a female head of state,Never had a female head of state,Never had a female head of state,Never had a female head of state,Never had a female head of state,Never had a female head of state,Never had a female head of state,Never had a female head of state,Never had a female head of state,Never had a female head of state,Never had a female head of state,Never had a female head of state,Never had a female head of state,Never had a female head of state,Never had a female head of state,Never had a female head of state,Never had a female head of state,Never had a female head of state,Never had a female head of state,Never had a female head of state,Never had a female head of state
jpn,Japan,Never had a female head of state,Never had a female head of state,Never had a female head of state,Never had a female head of state,Never had a female head of state,Never had a female head of state,Never had a female head of state,Never had a female head of state,Never had a female head of state,Never had a female head of state,Never had a female head of state,Never had a female head of state,Never had a female head of state,Never had a female head of state,Never had a female head of state,Never had a female head of state,Never had a female head of state,Never had a female head of state,Never had a female head of state,Never had a female head of state,Never had a female head of state,Never had a female head of state,Never had a female head of state,Never had a female head of state,Never had a female head of state,Never had a female head of state,Never had a female head of state,Never had a female head of state,Never had a female head of state,Never had a female head of state,Never had a female head of state,Never had a female head of state,Never had a female head of state,Never had a female head of state,Never had a female head of state,Never had a female head of state,Never had a female head of state,Never had a female head of state,Never had a female head of state,Never had a female head of state,Never had a female head of state,Never had a female head of state,Never had a female head of state,Never had a female head of state,Never had a female head of state,Never had a female head of state,Never had a female head of state,Never had a female head of state,Never had a female head of state,Never had a female head of state,Never had a female head of state,Never had a female head of state,Never had a female head of state,Never had a female head of state,Never had a female head of state,Never had a female head of state,Never had a female head of state,Never had a female head of state,Never had a female head of state,Never had a female head of state,Never had a female head of state,Never had a female head of state,Never had a female head of state,Never had a female head of state,Never had a female head of state,Never had a female head of state,Never had a female head of state,Never had a female head of state,Never had a female head of state
kaz,Kazakhstan,Never had a female head of state,Never had a female head of state,Never had a female head of state,Never had a female head of state,Never had a female head of state,Never had a female head of state,Never had a female head of state,Never had a female head of state,Never had a female head of state,Never had a female head of state,Never had a female head of state,Never had a female head of state,Never had a female head of state,Never had a female head of state,Never had a female head of state,Never had a female head of state,Never had a female head of state,Never had a female head of state,Never had a female head of state,Never had a female head of state,Never had a female head of state,Never had a female head of state,Never had a female head of state,Never had a female head of state,Never had a female head of state,Never had a female head of state,Never had a female head of state,Never had a female head of state,Never had a female head of state,Never had a female head of state,Never had a female head of state,Never had a female head of state,Never had a female head of state,Never had a female head of state,Never had a female head of state,Never had a female head of state,Never had a female head of state,Never had a female head of state,Never had a female head of state,Never had a female head of state,Never had a female head of state,Never had a female head of state,Never had a female head of state,Never had a female head of state,Never had a female head of state,Never had a female head of state,Never had a female head of state,Never had a female head of state,Never had a female head of state,Never had a female head of state,Never had a female head of state,Never had a female head of state,Never had a female head of state,Never had a female head of state,Never had a female head of state,Never had a female head of state,Never had a female head of state,Never had a female head of state,Never had a female head of state,Never had a female head of state,Never had a female head of state,Never had a female head of state,Never had a female head of state,Never had a female head of state,Never had a female head of state,Never had a female head of state,Never had a female head of state,Never had a female head of state,Never had a female head of state
ken,Kenya,Never had a female head of state,Never had a female head of state,Never had a female head of state,Never had a female head of state,Never had a female head of state,Never had a female head of state,Never had a female head of state,Never had a female head of state,Never had a female head of state,Never had a female head of state,Never had a female head of state,Never had a female head of state,Never had a female head of state,Never had a female head of state,Never had a female head of state,Never had a female head of state,Never had a female head of state,Never had a female head of state,Never had a female head of state,Never had a female head of state,Never had a female head of state,Never had a female head of state,Never had a female head of state,Never had a female head of state,Never had a female head of state,Never had a female head of state,Never had a female head of state,Never had a female head of state,Never had a female head of state,Never had a female head of state,Never had a female head of state,Never had a female head of state,Never had a female head of state,Never had a female head of state,Never had a female head of state,Never had a female head of state,Never had a female head of state,Never had a female head of state,Never had a female head of state,Never had a female head of state,Never had a female head of state,Never had a female head of state,Never had a female head of state,Never had a female head of state,Never had a female head of state,Never had a female head of state,Never had a female head of state,Never had a female head of state,Never had a female head of state,Never had a female head of state,Never had a female head of state,Never had a female head of state,Never had a female head of state,Never had a female head of state,Never had a female head of state,Never had a female head of state,Never had a female head of state,Never had a female head of state,Never had a female head of state,Never had a female head of state,Never had a female head of state,Never had a female head of state,Never had a female head of state,Never had a female head of state,Never had a female head of state,Never had a female head of state,Never had a female head of state,Never had a female head of state,Never had a female head of state
kgz,Kyrgyz Republic,Never had a female head of state,Never had a female head of state,Never had a female head of state,Never had a female head of state,Never had a female head of state,Never had a female head of state,Never had a female head of state,Never had a female head of state,Never had a female head of state,Never had a female head of state,Never had a female head of state,Never had a female head of state,Never had a female head of state,Never had a female head of state,Never had a female head of state,Never had a female head of state,Never had a female head of state,Never had a female head of state,Never had a female head of state,Never had a female head of state,Never had a female head of state,Never had a female head of state,Never had a female head of state,Never had a female head of state,Never had a female head of state,Never had a female head of state,Never had a female head of state,Never had a female head of state,Never had a female head of state,Never had a female head of state,Never had a female head of state,Never had a female head of state,Never had a female head of state,Never had a female head of state,Never had a female head of state,Never had a female head of state,Never had a female head of state,Never had a female head of state,Never had a female head of state,Never had a female head of state,Never had a female head of state,Never had a female head of state,Never had a female head of state,Never had a female head of state,Never had a female head of state,Never had a female head of state,Never had a female head of state,Never had a female head of state,Never had a female head of state,Never had a female head of state,Never had a female head of state,Never had a female head of state,Never had a female head of state,Never had a female head of state,Never had a female head of state,Never had a female head of state,Never had a female head of state,Had a female head of state,Had a female head of state,Had a female head of state,Had a female head of state,Had a female head of state,Had a female head of state,Had a female head of state,Had a female head of state,Had a female head of state,Had a female head of state,,
khm,Cambodia,Never had a female head of state,Never had a female head of state,Never had a female head of state,Never had a female head of state,Never had a female head of state,Never had a female head of state,Never had a female head of state,Never had a female head of state,Never had a female head of state,Never had a female head of state,Never had a female head of state,Never had a female head of state,Never had a female head of state,Never had a female head of state,Never had a female head of state,Never had a female head of state,Never had a female head of state,Never had a female head of state,Never had a female head of state,Never had a female head of state,Never had a female head of state,Never had a female head of state,Never had a female head of state,Never had a female head of state,Never had a female head of state,Never had a female head of state,Never had a female head of state,Never had a female head of state,Never had a female head of state,Never had a female head of state,Never had a female head of state,Never had a female head of state,Never had a female head of state,Never had a female head of state,Never had a female head of state,Never had a female head of state,Never had a female head of state,Never had a female head of state,Never had a female head of state,Never had a female head of state,Never had a female head of state,Never had a female head of state,Never had a female head of state,Never had a female head of state,Never had a female head of state,Never had a female head of state,Never had a female head of state,Never had a female head of state,Never had a female head of state,Never had a female head of state,Never had a female head of state,Never had a female head of state,Never had a female head of state,Never had a female head of state,Never had a female head of state,Never had a female head of state,Never had a female head of state,Never had a female head of state,Never had a female head of state,Never had a female head of state,Never had a female head of state,Never had a female head of state,Never had a female head of state,Never had a female head of state,Never had a female head of state,Never had a female head of state,Never had a female head of state,Never had a female head of state,Never had a female head of state
kir,Kiribati,Never had a female head of state,Never had a female head of state,Never had a female head of state,Never had a female head of state,Never had a female head of state,Never had a female head of state,Never had a female head of state,Never had a female head of state,Never had a female head of state,Never had a female head of state,Never had a female head of state,Never had a female head of state,Never had a female head of state,Never had a female head of state,Never had a female head of state,Never had a female head of state,Never had a female head of state,Never had a female head of state,Never had a female head of state,Never had a female head of state,Never had a female head of state,Never had a female head of state,Never had a female head of state,Never had a female head of state,Never had a female head of state,Never had a female head of state,Never had a female head of state,Never had a female head of state,Never had a female head of state,Never had a female head of state,Never had a female head of state,Never had a female head of state,Never had a female head of state,Never had a female head of state,Never had a female head of state,Never had a female head of state,Never had a female head of state,Never had a female head of state,Never had a female head of state,Never had a female head of state,Never had a female head of state,Never had a female head of state,Never had a female head of state,Never had a female head of state,Never had a female head of state,Never had a female head of state,Never had a female head of state,Never had a female head of state,Never had a female head of state,Never had a female head of state,Never had a female head of state,Never had a female head of state,Never had a female head of state,Never had a female head of state,Never had a female head of state,Never had a female head of state,Never had a female head of state,Never had a female head of state,Never had a female head of state,Never had a female head of state,Never had a female head of state,Never had a female head of state,Never had a female head of state,Never had a female head of state,Never had a female head of state,Never had a female head of state,Never had a female head of state,Never had a female head of state,Never had a female head of state
kna,St. Kitts and Nevis,Never had a female head of state,Never had a female head of state,Never had a female head of state,Never had a female head of state,Never had a female head of state,Never had a female head of state,Never had a female head of state,Never had a female head of state,Never had a female head of state,Never had a female head of state,Never had a female head of state,Never had a female head of state,Never had a female head of state,Never had a female head of state,Never had a female head of state,Never had a female head of state,Never had a female head of state,Never had a female head of state,Never had a female head of state,Never had a female head of state,Never had a female head of state,Never had a female head of state,Never had a female head of state,Never had a female head of state,Never had a female head of state,Never had a female head of state,Never had a female head of state,Never had a female head of state,Never had a female head of state,Never had a female head of state,Never had a female head of state,Never had a female head of state,Never had a female head of state,Never had a female head of state,Never had a female head of state,Never had a female head of state,Never had a female head of state,Never had a female head of state,Never had a female head of state,Never had a female head of state,Never had a female head of state,Never had a female head of state,Never had a female head of state,Never had a female head of state,Never had a female head of state,Never had a female head of state,Never had a female head of state,Never had a female head of state,Never had a female head of state,Never had a female head of state,Never had a female head of state,Never had a female head of state,Never had a female head of state,Never had a female head of state,Never had a female head of state,Never had a female head of state,Never had a female head of state,Never had a female head of state,Never had a female head of state,Never had a female head of state,Never had a female head of state,Never had a female head of state,Never had a female head of state,Never had a female head of state,Never had a female head of state,Never had a female head of state,Never had a female head of state,Never had a female head of state,Never had a female head of state
kor,South Korea,Never had a female head of state,Never had a female head of state,Never had a female head of state,Never had a female head of state,Never had a female head of state,Never had a female head of state,Never had a female head of state,Never had a female head of state,Never had a female head of state,Never had a female head of state,Never had a female head of state,Never had a female head of state,Never had a female head of state,Never had a female head of state,Never had a female head of state,Never had a female head of state,Never had a female head of state,Never had a female head of state,Never had a female head of state,Never had a female head of state,Never had a female head of state,Never had a female head of state,Never had a female head of state,Never had a female head of state,Never had a female head of state,Never had a female head of state,Never had a female head of state,Never had a female head of state,Never had a female head of state,Never had a female head of state,Never had a female head of state,Never had a female head of state,Never had a female head of state,Never had a female head of state,Never had a female head of state,Never had a female head of state,Never had a female head of state,Never had a female head of state,Never had a female head of state,Never had a female head of state,Never had a female head of state,Never had a female head of state,Never had a female head of state,Never had a female head of state,Never had a female head of state,Never had a female head of state,Never had a female head of state,Never had a female head of state,Never had a female head of state,Never had a female head of state,Never had a female head of state,Never had a female head of state,Never had a female head of state,Never had a female head of state,Never had a female head of state,Never had a female head of state,Never had a female head of state,Never had a female head of state,Never had a female head of state,Never had a female head of state,Had a female head of state,Had a female head of state,Had a female head of state,Had a female head of state,Had a female head of state,Had a female head of state,Had a female head of state,,
kwt,Kuwait,Never had a female head of state,Never had a female head of state,Never had a female head of state,Never had a female head of state,Never had a female head of state,Never had a female head of state,Never had a female head of state,Never had a female head of state,Never had a female head of state,Never had a female head of state,Never had a female head of state,Never had a female head of state,Never had a female head of state,Never had a female head of state,Never had a female head of state,Never had a female head of state,Never had a female head of state,Never had a female head of state,Never had a female head of state,Never had a female head of state,Never had a female head of state,Never had a female head of state,Never had a female head of state,Never had a female head of state,Never had a female head of state,Never had a female head of state,Never had a female head of state,Never had a female head of state,Never had a female head of state,Never had a female head of state,Never had a female head of state,Never had a female head of state,Never had a female head of state,Never had a female head of state,Never had a female head of state,Never had a female head of state,Never had a female head of state,Never had a female head of state,Never had a female head of state,Never had a female head of state,Never had a female head of state,Never had a female head of state,Never had a female head of state,Never had a female head of state,Never had a female head of state,Never had a female head of state,Never had a female head of state,Never had a female head of state,Never had a female head of state,Never had a female head of state,Never had a female head of state,Never had a female head of state,Never had a female head of state,Never had a female head of state,Never had a female head of state,Never had a female head of state,Never had a female head of state,Never had a female head of state,Never had a female head of state,Never had a female head of state,Never had a female head of state,Never had a female head of state,Never had a female head of state,Never had a female head of state,Never had a female head of state,Never had a female head of state,Never had a female head of state,Never had a female head of state,Never had a female head of state
lao,Lao,Never had a female head of state,Never had a female head of state,Never had a female head of state,Never had a female head of state,Never had a female head of state,Never had a female head of state,Never had a female head of state,Never had a female head of state,Never had a female head of state,Never had a female head of state,Never had a female head of state,Never had a female head of state,Never had a female head of state,Never had a female head of state,Never had a female head of state,Never had a female head of state,Never had a female head of state,Never had a female head of state,Never had a female head of state,Never had a female head of state,Never had a female head of state,Never had a female head of state,Never had a female head of state,Never had a female head of state,Never had a female head of state,Never had a female head of state,Never had a female head of state,Never had a female head of state,Never had a female head of state,Never had a female head of state,Never had a female head of state,Never had a female head of state,Never had a female head of state,Never had a female head of state,Never had a female head of state,Never had a female head of state,Never had a female head of state,Never had a female head of state,Never had a female head of state,Never had a female head of state,Never had a female head of state,Never had a female head of state,Never had a female head of state,Never had a female head of state,Never had a female head of state,Never had a female head of state,Never had a female head of state,Never had a female head of state,Never had a female head of state,Never had a female head of state,Never had a female head of state,Never had a female head of state,Never had a female head of state,Never had a female head of state,Never had a female head of state,Never had a female head of state,Never had a female head of state,Never had a female head of state,Never had a female head of state,Never had a female head of state,Never had a female head of state,Never had a female head of state,Never had a female head of state,Never had a female head of state,Never had a female head of state,Never had a female head of state,Never had a female head of state,Never had a female head of state,Never had a female head of state
lbn,Lebanon,Never had a female head of state,Never had a female head of state,Never had a female head of state,Never had a female head of state,Never had a female head of state,Never had a female head of state,Never had a female head of state,Never had a female head of state,Never had a female head of state,Never had a female head of state,Never had a female head of state,Never had a female head of state,Never had a female head of state,Never had a female head of state,Never had a female head of state,Never had a female head of state,Never had a female head of state,Never had a female head of state,Never had a female head of state,Never had a female head of state,Never had a female head of state,Never had a female head of state,Never had a female head of state,Never had a female head of state,Never had a female head of state,Never had a female head of state,Never had a female head of state,Never had a female head of state,Never had a female head of state,Never had a female head of state,Never had a female head of state,Never had a female head of state,Never had a female head of state,Never had a female head of state,Never had a female head of state,Never had a female head of state,Never had a female head of state,Never had a female head of state,Never had a female head of state,Never had a female head of state,Never had a female head of state,Never had a female head of state,Never had a female head of state,Never had a female head of state,Never had a female head of state,Never had a female head of state,Never had a female head of state,Never had a female head of state,Never had a female head of state,Never had a female head of state,Never had a female head of state,Never had a female head of state,Never had a female head of state,Never had a female head of state,Never had a female head of state,Never had a female head of state,Never had a female head of state,Never had a female head of state,Never had a female head of state,Never had a female head of state,Never had a female head of state,Never had a female head of state,Never had a female head of state,Never had a female head of state,Never had a female head of state,Never had a female head of state,Never had a female head of state,Never had a female head of state,Never had a female head of state
lbr,Liberia,Never had a female head of state,Never had a female head of state,Never had a female head of state,Never had a female head of state,Never had a female head of state,Never had a female head of state,Never had a female head of state,Never had a female head of state,Never had a female head of state,Never had a female head of state,Never had a female head of state,Never had a female head of state,Never had a female head of state,Never had a female head of state,Never had a female head of state,Never had a female head of state,Never had a female head of state,Never had a female head of state,Never had a female head of state,Never had a female head of state,Never had a female head of state,Never had a female head of state,Never had a female head of state,Never had a female head of state,Never had a female head of state,Never had a female head of state,Never had a female head of state,Never had a female head of state,Never had a female head of state,Never had a female head of state,Never had a female head of state,Never had a female head of state,Never had a female head of state,Never had a female head of state,Never had a female head of state,Never had a female head of state,Never had a female head of state,Never had a female head of state,Never had a female head of state,Never had a female head of state,Never had a female head of state,Never had a female head of state,Never had a female head of state,Had a female head of state,Had a female head of state,Had a female head of state,Had a female head of state,Had a female head of state,Had a female head of state,Had a female head of state,Had a female head of state,Had a female head of state,Had a female head of state,Had a female head of state,Had a female head of state,Had a female head of state,Had a female head of state,Had a female head of state,Had a female head of state,Had a female head of state,Had a female head of state,Had a female head of state,Had a female head of state,Had a female head of state,Had a female head of state,Had a female head of state,Had a female head of state,,
lby,Libya,Never had a female head of state,Never had a female head of state,Never had a female head of state,Never had a female head of state,Never had a female head of state,Never had a female head of state,Never had a female head of state,Never had a female head of state,Never had a female head of state,Never had a female head of state,Never had a female head of state,Never had a female head of state,Never had a female head of state,Never had a female head of state,Never had a female head of state,Never had a female head of state,Never had a female head of state,Never had a female head of state,Never had a female head of state,Never had a female head of state,Never had a female head of state,Never had a female head of state,Never had a female head of state,Never had a female head of state,Never had a female head of state,Never had a female head of state,Never had a female head of state,Never had a female head of state,Never had a female head of state,Never had a female head of state,Never had a female head of state,Never had a female head of state,Never had a female head of state,Never had a female head of state,Never had a female head of state,Never had a female head of state,Never had a female head of state,Never had a female head of state,Never had a female head of state,Never had a female head of state,Never had a female head of state,Never had a female head of state,Never had a female head of state,Never had a female head of state,Never had a female head of state,Never had a female head of state,Never had a female head of state,Never had a female head of state,Never had a female head of state,Never had a female head of state,Never had a female head of state,Never had a female head of state,Never had a female head of state,Never had a female head of state,Never had a female head of state,Never had a female head of state,Never had a female head of state,Never had a female head of state,Never had a female head of state,Never had a female head of state,Never had a female head of state,Never had a female head of state,Never had a female head of state,Never had a female head of state,Never had a female head of state,Never had a female head of state,Never had a female head of state,Never had a female head of state,Never had a female head of state
lca,St. Lucia,Never had a female head of state,Never had a female head of state,Never had a female head of state,Never had a female head of state,Never had a female head of state,Never had a female head of state,Never had a female head of state,Never had a female head of state,Never had a female head of state,Never had a female head of state,Never had a female head of state,Never had a female head of state,Never had a female head of state,Never had a female head of state,Never had a female head of state,Never had a female head of state,Never had a female head of state,Never had a female head of state,Never had a female head of state,Never had a female head of state,Never had a female head of state,Never had a female head of state,Never had a female head of state,Never had a female head of state,Never had a female head of state,Never had a female head of state,Never had a female head of state,Never had a female head of state,Never had a female head of state,Never had a female head of state,Never had a female head of state,Never had a female head of state,Never had a female head of state,Never had a female head of state,Never had a female head of state,Never had a female head of state,Never had a female head of state,Never had a female head of state,Never had a female head of state,Never had a female head of state,Never had a female head of state,Never had a female head of state,Never had a female head of state,Never had a female head of state,Never had a female head of state,Never had a female head of state,Never had a female head of state,Never had a female head of state,Never had a female head of state,Never had a female head of state,Never had a female head of state,Never had a female head of state,Never had a female head of state,Never had a female head of state,Never had a female head of state,Never had a female head of state,Never had a female head of state,Never had a female head of state,Never had a female head of state,Never had a female head of state,Never had a female head of state,Never had a female head of state,Never had a female head of state,Never had a female head of state,Never had a female head of state,Never had a female head of state,Never had a female head of state,Never had a female head of state,Never had a female head of state
lie,Liechtenstein,Never had a female head of state,Never had a female head of state,Never had a female head of state,Never had a female head of state,Never had a female head of state,Never had a female head of state,Never had a female head of state,Never had a female head of state,Never had a female head of state,Never had a female head of state,Never had a female head of state,Never had a female head of state,Never had a female head of state,Never had a female head of state,Never had a female head of state,Never had a female head of state,Never had a female head of state,Never had a female head of state,Never had a female head of state,Never had a female head of state,Never had a female head of state,Never had a female head of state,Never had a female head of state,Never had a female head of state,Never had a female head of state,Never had a female head of state,Never had a female head of state,Never had a female head of state,Never had a female head of state,Never had a female head of state,Never had a female head of state,Never had a female head of state,Never had a female head of state,Never had a female head of state,Never had a female head of state,Never had a female head of state,Never had a female head of state,Never had a female head of state,Never had a female head of state,Never had a female head of state,Never had a female head of state,Never had a female head of state,Never had a female head of state,Never had a female head of state,Never had a female head of state,Never had a female head of state,Never had a female head of state,Never had a female head of state,Never had a female head of state,Never had a female head of state,Never had a female head of state,Never had a female head of state,Never had a female head of state,Never had a female head of state,Never had a female head of state,Never had a female head of state,Never had a female head of state,Never had a female head of state,Never had a female head of state,Never had a female head of state,Never had a female head of state,Never had a female head of state,Never had a female head of state,Never had a female head of state,Never had a female head of state,Never had a female head of state,Never had a female head of state,Never had a female head of state,Never had a female head of state
lka,Sri Lanka,Never had a female head of state,Never had a female head of state,Never had a female head of state,Never had a female head of state,Never had a female head of state,Never had a female head of state,Never had a female head of state,Had a female head of state,Had a female head of state,Had a female head of state,Had a female head of state,Had a female head of state,Had a female head of state,Had a female head of state,Had a female head of state,Had a female head of state,Had a female head of state,Had a female head of state,Had a female head of state,Had a female head of state,Had a female head of state,Had a female head of state,Had a female head of state,Had a female head of state,Had a female head of state,Had a female head of state,Had a female head of state,Had a female head of state,Had a female head of state,Had a female head of state,Had a female head of state,Had a female head of state,Had a female head of state,Had a female head of state,Had a female head of state,Had a female head of state,Had a female head of state,Had a female head of state,Had a female head of state,Had a female head of state,Had a female head of state,Had a female head of state,Had a female head of state,Had a female head of state,Had a female head of state,Had a female head of state,Had a female head of state,Had a female head of state,Had a female head of state,Had a female head of state,Had a female head of state,Had a female head of state,Had a female head of state,Had a female head of state,Had a female head of state,Had a female head of state,Had a female head of state,Had a female head of state,Had a female head of state,Had a female head of state,Had a female head of state,Had a female head of state,Had a female head of state,Had a female head of state,Had a female head of state,Had a female head of state,Had a female head of state,,
lso,Lesotho,Never had a female head of state,Never had a female head of state,Never had a female head of state,Never had a female head of state,Never had a female head of state,Never had a female head of state,Never had a female head of state,Never had a female head of state,Never had a female head of state,Never had a female head of state,Never had a female head of state,Never had a female head of state,Never had a female head of state,Never had a female head of state,Never had a female head of state,Never had a female head of state,Never had a female head of state,Never had a female head of state,Never had a female head of state,Never had a female head of state,Never had a female head of state,Never had a female head of state,Never had a female head of state,Never had a female head of state,Never had a female head of state,Never had a female head of state,Never had a female head of state,Never had a female head of state,Never had a female head of state,Never had a female head of state,Never had a female head of state,Never had a female head of state,Never had a female head of state,Never had a female head of state,Never had a female head of state,Never had a female head of state,Never had a female head of state,Never had a female head of state,Never had a female head of state,Never had a female head of state,Never had a female head of state,Never had a female head of state,Never had a female head of state,Never had a female head of state,Never had a female head of state,Never had a female head of state,Never had a female head of state,Never had a female head of state,Never had a female head of state,Never had a female head of state,Never had a female head of state,Never had a female head of state,Never had a female head of state,Never had a female head of state,Never had a female head of state,Never had a female head of state,Never had a female head of state,Never had a female head of state,Never had a female head of state,Never had a female head of state,Never had a female head of state,Never had a female head of state,Never had a female head of state,Never had a female head of state,Never had a female head of state,Never had a female head of state,Never had a female head of state,Never had a female head of state,Never had a female head of state
ltu,Lithuania,Never had a female head of state,Never had a female head of state,Never had a female head of state,Never had a female head of state,Never had a female head of state,Never had a female head of state,Never had a female head of state,Never had a female head of state,Never had a female head of state,Never had a female head of state,Never had a female head of state,Never had a female head of state,Never had a female head of state,Never had a female head of state,Never had a female head of state,Never had a female head of state,Never had a female head of state,Never had a female head of state,Never had a female head of state,Never had a female head of state,Never had a female head of state,Never had a female head of state,Never had a female head of state,Never had a female head of state,Never had a female head of state,Never had a female head of state,Never had a female head of state,Never had a female head of state,Never had a female head of state,Never had a female head of state,Never had a female head of state,Never had a female head of state,Never had a female head of state,Never had a female head of state,Never had a female head of state,Never had a female head of state,Never had a female head of state,Had a female head of state,Had a female head of state,Had a female head of state,Had a female head of state,Had a female head of state,Had a female head of state,Had a female head of state,Had a female head of state,Had a female head of state,Had a female head of state,Had a female head of state,Had a female head of state,Had a female head of state,Had a female head of state,Had a female head of state,Had a female head of state,Had a female head of state,Had a female head of state,Had a female head of state,Had a female head of state,Had a female head of state,Had a female head of state,Had a female head of state,Had a female head of state,Had a female head of state,Had a female head of state,Had a female head of state,Had a female head of state,Had a female head of state,Had a female head of state,,
lux,Luxembourg,Never had a female head of state,Never had a female head of state,Never had a female head of state,Never had a female head of state,Never had a female head of state,Never had a female head of state,Never had a female head of state,Never had a female head of state,Never had a female head of state,Never had a female head of state,Never had a female head of state,Never had a female head of state,Never had a female head of state,Never had a female head of state,Never had a female head of state,Never had a female head of state,Never had a female head of state,Never had a female head of state,Never had a female head of state,Never had a female head of state,Never had a female head of state,Never had a female head of state,Never had a female head of state,Never had a female head of state,Never had a female head of state,Never had a female head of state,Never had a female head of state,Never had a female head of state,Never had a female head of state,Never had a female head of state,Never had a female head of state,Never had a female head of state,Never had a female head of state,Never had a female head of state,Never had a female head of state,Never had a female head of state,Never had a female head of state,Never had a female head of state,Never had a female head of state,Never had a female head of state,Never had a female head of state,Never had a female head of state,Never had a female head of state,Never had a female head of state,Never had a female head of state,Never had a female head of state,Never had a female head of state,Never had a female head of state,Never had a female head of state,Never had a female head of state,Never had a female head of state,Never had a female head of state,Never had a female head of state,Never had a female head of state,Never had a female head of state,Never had a female head of state,Never had a female head of state,Never had a female head of state,Never had a female head of state,Never had a female head of state,Never had a female head of state,Never had a female head of state,Never had a female head of state,Never had a female head of state,Never had a female head of state,Never had a female head of state,Never had a female head of state,Never had a female head of state,Never had a female head of state
lva,Latvia,Never had a female head of state,Never had a female head of state,Never had a female head of state,Never had a female head of state,Never had a female head of state,Never had a female head of state,Never had a female head of state,Never had a female head of state,Never had a female head of state,Never had a female head of state,Never had a female head of state,Never had a female head of state,Never had a female head of state,Never had a female head of state,Never had a female head of state,Never had a female head of state,Never had a female head of state,Never had a female head of state,Never had a female head of state,Never had a female head of state,Never had a female head of state,Never had a female head of state,Never had a female head of state,Never had a female head of state,Never had a female head of state,Never had a female head of state,Never had a female head of state,Never had a female head of state,Never had a female head of state,Never had a female head of state,Never had a female head of state,Never had a female head of state,Never had a female head of state,Never had a female head of state,Never had a female head of state,Never had a female head of state,Never had a female head of state,Never had a female head of state,Never had a female head of state,Never had a female head of state,Never had a female head of state,Never had a female head of state,Never had a female head of state,Never had a female head of state,Never had a female head of state,Never had a female head of state,Had a female head of state,Had a female head of state,Had a female head of state,Had a female head of state,Had a female head of state,Had a female head of state,Had a female head of state,Had a female head of state,Had a female head of state,Had a female head of state,Had a female head of state,Had a female head of state,Had a female head of state,Had a female head of state,Had a female head of state,Had a female head of state,Had a female head of state,Had a female head of state,Had a female head of state,Had a female head of state,Had a female head of state,,
mar,Morocco,Never had a female head of state,Never had a female head of state,Never had a female head of state,Never had a female head of state,Never had a female head of state,Never had a female head of state,Never had a female head of state,Never had a female head of state,Never had a female head of state,Never had a female head of state,Never had a female head of state,Never had a female head of state,Never had a female head of state,Never had a female head of state,Never had a female head of state,Never had a female head of state,Never had a female head of state,Never had a female head of state,Never had a female head of state,Never had a female head of state,Never had a female head of state,Never had a female head of state,Never had a female head of state,Never had a female head of state,Never had a female head of state,Never had a female head of state,Never had a female head of state,Never had a female head of state,Never had a female head of state,Never had a female head of state,Never had a female head of state,Never had a female head of state,Never had a female head of state,Never had a female head of state,Never had a female head of state,Never had a female head of state,Never had a female head of state,Never had a female head of state,Never had a female head of state,Never had a female head of state,Never had a female head of state,Never had a female head of state,Never had a female head of state,Never had a female head of state,Never had a female head of state,Never had a female head of state,Never had a female head of state,Never had a female head of state,Never had a female head of state,Never had a female head of state,Never had a female head of state,Never had a female head of state,Never had a female head of state,Never had a female head of state,Never had a female head of state,Never had a female head of state,Never had a female head of state,Never had a female head of state,Never had a female head of state,Never had a female head of state,Never had a female head of state,Never had a female head of state,Never had a female head of state,Never had a female head of state,Never had a female head of state,Never had a female head of state,Never had a female head of state,Never had a female head of state,Never had a female head of state
mco,Monaco,Never had a female head of state,Never had a female head of state,Never had a female head of state,Never had a female head of state,Never had a female head of state,Never had a female head of state,Never had a female head of state,Never had a female head of state,Never had a female head of state,Never had a female head of state,Never had a female head of state,Never had a female head of state,Never had a female head of state,Never had a female head of state,Never had a female head of state,Never had a female head of state,Never had a female head of state,Never had a female head of state,Never had a female head of state,Never had a female head of state,Never had a female head of state,Never had a female head of state,Never had a female head of state,Never had a female head of state,Never had a female head of state,Never had a female head of state,Never had a female head of state,Never had a female head of state,Never had a female head of state,Never had a female head of state,Never had a female head of state,Never had a female head of state,Never had a female head of state,Never had a female head of state,Never had a female head of state,Never had a female head of state,Never had a female head of state,Never had a female head of state,Never had a female head of state,Never had a female head of state,Never had a female head of state,Never had a female head of state,Never had a female head of state,Never had a female head of state,Never had a female head of state,Never had a female head of state,Never had a female head of state,Never had a female head of state,Never had a female head of state,Never had a female head of state,Never had a female head of state,Never had a female head of state,Never had a female head of state,Never had a female head of state,Never had a female head of state,Never had a female head of state,Never had a female head of state,Never had a female head of state,Never had a female head of state,Never had a female head of state,Never had a female head of state,Never had a female head of state,Never had a female head of state,Never had a female head of state,Never had a female head of state,Never had a female head of state,Never had a female head of state,Never had a female head of state,Never had a female head of state
mda,Moldova,Never had a female head of state,Never had a female head of state,Never had a female head of state,Never had a female head of state,Never had a female head of state,Never had a female head of state,Never had a female head of state,Never had a female head of state,Never had a female head of state,Never had a female head of state,Never had a female head of state,Never had a female head of state,Never had a female head of state,Never had a female head of state,Never had a female head of state,Never had a female head of state,Never had a female head of state,Never had a female head of state,Never had a female head of state,Never had a female head of state,Never had a female head of state,Never had a female head of state,Never had a female head of state,Never had a female head of state,Never had a female head of state,Never had a female head of state,Never had a female head of state,Never had a female head of state,Never had a female head of state,Never had a female head of state,Never had a female head of state,Never had a female head of state,Never had a female head of state,Never had a female head of state,Never had a female head of state,Never had a female head of state,Never had a female head of state,Never had a female head of state,Never had a female head of state,Never had a female head of state,Never had a female head of state,Never had a female head of state,Never had a female head of state,Never had a female head of state,Never had a female head of state,Never had a female head of state,Never had a female head of state,Never had a female head of state,Never had a female head of state,Never had a female head of state,Never had a female head of state,Never had a female head of state,Never had a female head of state,Never had a female head of state,Never had a female head of state,Had a female head of state,Had a female head of state,Had a female head of state,Had a female head of state,Had a female head of state,Had a female head of state,Had a female head of state,Had a female head of state,Had a female head of state,Had a female head of state,Had a female head of state,Had a female head of state,,
mdg,Madagascar,Never had a female head of state,Never had a female head of state,Never had a female head of state,Never had a female head of state,Never had a female head of state,Never had a female head of state,Never had a female head of state,Never had a female head of state,Never had a female head of state,Never had a female head of state,Never had a female head of state,Never had a female head of state,Never had a female head of state,Never had a female head of state,Never had a female head of state,Never had a female head of state,Never had a female head of state,Never had a female head of state,Never had a female head of state,Never had a female head of state,Never had a female head of state,Never had a female head of state,Never had a female head of state,Never had a female head of state,Never had a female head of state,Never had a female head of state,Never had a female head of state,Never had a female head of state,Never had a female head of state,Never had a female head of state,Never had a female head of state,Never had a female head of state,Never had a female head of state,Never had a female head of state,Never had a female head of state,Never had a female head of state,Never had a female head of state,Never had a female head of state,Never had a female head of state,Never had a female head of state,Never had a female head of state,Never had a female head of state,Never had a female head of state,Never had a female head of state,Never had a female head of state,Never had a female head of state,Never had a female head of state,Never had a female head of state,Never had a female head of state,Never had a female head of state,Never had a female head of state,Never had a female head of state,Never had a female head of state,Never had a female head of state,Never had a female head of state,Never had a female head of state,Had a female head of state,Had a female head of state,Had a female head of state,Had a female head of state,Had a female head of state,Had a female head of state,Had a female head of state,Had a female head of state,Had a female head of state,Had a female head of state,Had a female head of state,,
mdv,Maldives,Never had a female head of state,Never had a female head of state,Never had a female head of state,Never had a female head of state,Never had a female head of state,Never had a female head of state,Never had a female head of state,Never had a female head of state,Never had a female head of state,Never had a female head of state,Never had a female head of state,Never had a female head of state,Never had a female head of state,Never had a female head of state,Never had a female head of state,Never had a female head of state,Never had a female head of state,Never had a female head of state,Never had a female head of state,Never had a female head of state,Never had a female head of state,Never had a female head of state,Never had a female head of state,Never had a female head of state,Never had a female head of state,Never had a female head of state,Never had a female head of state,Never had a female head of state,Never had a female head of state,Never had a female head of state,Never had a female head of state,Never had a female head of state,Never had a female head of state,Never had a female head of state,Never had a female head of state,Never had a female head of state,Never had a female head of state,Never had a female head of state,Never had a female head of state,Never had a female head of state,Never had a female head of state,Never had a female head of state,Never had a female head of state,Never had a female head of state,Never had a female head of state,Never had a female head of state,Never had a female head of state,Never had a female head of state,Never had a female head of state,Never had a female head of state,Never had a female head of state,Never had a female head of state,Never had a female head of state,Never had a female head of state,Never had a female head of state,Never had a female head of state,Never had a female head of state,Never had a female head of state,Never had a female head of state,Never had a female head of state,Never had a female head of state,Never had a female head of state,Never had a female head of state,Never had a female head of state,Never had a female head of state,Never had a female head of state,Never had a female head of state,Never had a female head of state,Never had a female head of state
mex,Mexico,Never had a female head of state,Never had a female head of state,Never had a female head of state,Never had a female head of state,Never had a female head of state,Never had a female head of state,Never had a female head of state,Never had a female head of state,Never had a female head of state,Never had a female head of state,Never had a female head of state,Never had a female head of state,Never had a female head of state,Never had a female head of state,Never had a female head of state,Never had a female head of state,Never had a female head of state,Never had a female head of state,Never had a female head of state,Never had a female head of state,Never had a female head of state,Never had a female head of state,Never had a female head of state,Never had a female head of state,Never had a female head of state,Never had a female head of state,Never had a female head of state,Never had a female head of state,Never had a female head of state,Never had a female head of state,Never had a female head of state,Never had a female head of state,Never had a female head of state,Never had a female head of state,Never had a female head of state,Never had a female head of state,Never had a female head of state,Never had a female head of state,Never had a female head of state,Never had a female head of state,Never had a female head of state,Never had a female head of state,Never had a female head of state,Never had a female head of state,Never had a female head of state,Never had a female head of state,Never had a female head of state,Never had a female head of state,Never had a female head of state,Never had a female head of state,Never had a female head of state,Never had a female head of state,Never had a female head of state,Never had a female head of state,Never had a female head of state,Never had a female head of state,Never had a female head of state,Never had a female head of state,Never had a female head of state,Never had a female head of state,Never had a female head of state,Never had a female head of state,Never had a female head of state,Never had a female head of state,Never had a female head of state,Never had a female head of state,Never had a female head of state,Never had a female head of state,Never had a female head of state
mhl,Marshall Islands,Never had a female head of state,Never had a female head of state,Never had a female head of state,Never had a female head of state,Never had a female head of state,Never had a female head of state,Never had a female head of state,Never had a female head of state,Never had a female head of state,Never had a female head of state,Never had a female head of state,Never had a female head of state,Never had a female head of state,Never had a female head of state,Never had a female head of state,Never had a female head of state,Never had a female head of state,Never had a female head of state,Never had a female head of state,Never had a female head of state,Never had a female head of state,Never had a female head of state,Never had a female head of state,Never had a female head of state,Never had a female head of state,Never had a female head of state,Never had a female head of state,Never had a female head of state,Never had a female head of state,Never had a female head of state,Never had a female head of state,Never had a female head of state,Never had a female head of state,Never had a female head of state,Never had a female head of state,Never had a female head of state,Never had a female head of state,Never had a female head of state,Never had a female head of state,Never had a female head of state,Never had a female head of state,Never had a female head of state,Never had a female head of state,Never had a female head of state,Never had a female head of state,Never had a female head of state,Never had a female head of state,Never had a female head of state,Never had a female head of state,Never had a female head of state,Never had a female head of state,Never had a female head of state,Never had a female head of state,Never had a female head of state,Never had a female head of state,Never had a female head of state,Never had a female head of state,Never had a female head of state,Never had a female head of state,Never had a female head of state,Never had a female head of state,Never had a female head of state,Never had a female head of state,Had a female head of state,Had a female head of state,Had a female head of state,Had a female head of state,,
mkd,North Macedonia,Never had a female head of state,Never had a female head of state,Never had a female head of state,Never had a female head of state,Never had a female head of state,Never had a female head of state,Never had a female head of state,Never had a female head of state,Never had a female head of state,Never had a female head of state,Never had a female head of state,Never had a female head of state,Never had a female head of state,Never had a female head of state,Never had a female head of state,Never had a female head of state,Never had a female head of state,Never had a female head of state,Never had a female head of state,Never had a female head of state,Never had a female head of state,Never had a female head of state,Never had a female head of state,Never had a female head of state,Never had a female head of state,Never had a female head of state,Never had a female head of state,Never had a female head of state,Never had a female head of state,Never had a female head of state,Never had a female head of state,Never had a female head of state,Never had a female head of state,Never had a female head of state,Never had a female head of state,Never had a female head of state,Never had a female head of state,Never had a female head of state,Never had a female head of state,Never had a female head of state,Never had a female head of state,Never had a female head of state,Never had a female head of state,Never had a female head of state,Never had a female head of state,Never had a female head of state,Never had a female head of state,Never had a female head of state,Never had a female head of state,Never had a female head of state,Never had a female head of state,Never had a female head of state,Never had a female head of state,Never had a female head of state,Never had a female head of state,Never had a female head of state,Never had a female head of state,Never had a female head of state,Never had a female head of state,Never had a female head of state,Never had a female head of state,Never had a female head of state,Never had a female head of state,Never had a female head of state,Never had a female head of state,Never had a female head of state,Never had a female head of state,Never had a female head of state,Never had a female head of state
mli,Mali,Never had a female head of state,Never had a female head of state,Never had a female head of state,Never had a female head of state,Never had a female head of state,Never had a female head of state,Never had a female head of state,Never had a female head of state,Never had a female head of state,Never had a female head of state,Never had a female head of state,Never had a female head of state,Never had a female head of state,Never had a female head of state,Never had a female head of state,Never had a female head of state,Never had a female head of state,Never had a female head of state,Never had a female head of state,Never had a female head of state,Never had a female head of state,Never had a female head of state,Never had a female head of state,Never had a female head of state,Never had a female head of state,Never had a female head of state,Never had a female head of state,Never had a female head of state,Never had a female head of state,Never had a female head of state,Never had a female head of state,Never had a female head of state,Never had a female head of state,Never had a female head of state,Never had a female head of state,Never had a female head of state,Never had a female head of state,Never had a female head of state,Never had a female head of state,Never had a female head of state,Never had a female head of state,Never had a female head of state,Never had a female head of state,Never had a female head of state,Never had a female head of state,Never had a female head of state,Never had a female head of state,Never had a female head of state,Never had a female head of state,Never had a female head of state,Never had a female head of state,Never had a female head of state,Never had a female head of state,Never had a female head of state,Never had a female head of state,Never had a female head of state,Never had a female head of state,Never had a female head of state,Had a female head of state,Had a female head of state,Had a female head of state,Had a female head of state,Had a female head of state,Had a female head of state,Had a female head of state,Had a female head of state,Had a female head of state,,
mlt,Malta,Never had a female head of state,Never had a female head of state,Never had a female head of state,Never had a female head of state,Never had a female head of state,Never had a female head of state,Never had a female head of state,Never had a female head of state,Never had a female head of state,Never had a female head of state,Never had a female head of state,Never had a female head of state,Never had a female head of state,Never had a female head of state,Never had a female head of state,Never had a female head of state,Never had a female head of state,Never had a female head of state,Never had a female head of state,Never had a female head of state,Never had a female head of state,Never had a female head of state,Never had a female head of state,Never had a female head of state,Never had a female head of state,Never had a female head of state,Never had a female head of state,Never had a female head of state,Never had a female head of state,Had a female head of state,Had a female head of state,Had a female head of state,Had a female head of state,Had a female head of state,Had a female head of state,Had a female head of state,Had a female head of state,Had a female head of state,Had a female head of state,Had a female head of state,Had a female head of state,Had a female head of state,Had a female head of state,Had a female head of state,Had a female head of state,Had a female head of state,Had a female head of state,Had a female head of state,Had a female head of state,Had a female head of state,Had a female head of state,Had a female head of state,Had a female head of state,Had a female head of state,Had a female head of state,Had a female head of state,Had a female head of state,Had a female head of state,Had a female head of state,Had a female head of state,Had a female head of state,Had a female head of state,Had a female head of state,Had a female head of state,Had a female head of state,Had a female head of state,Had a female head of state,,
mmr,Myanmar,Never had a female head of state,Never had a female head of state,Never had a female head of state,Never had a female head of state,Never had a female head of state,Never had a female head of state,Never had a female head of state,Never had a female head of state,Never had a female head of state,Never had a female head of state,Never had a female head of state,Never had a female head of state,Never had a female head of state,Never had a female head of state,Never had a female head of state,Never had a female head of state,Never had a female head of state,Never had a female head of state,Never had a female head of state,Never had a female head of state,Never had a female head of state,Never had a female head of state,Never had a female head of state,Never had a female head of state,Never had a female head of state,Never had a female head of state,Never had a female head of state,Never had a female head of state,Never had a female head of state,Never had a female head of state,Never had a female head of state,Never had a female head of state,Never had a female head of state,Never had a female head of state,Never had a female head of state,Never had a female head of state,Never had a female head of state,Never had a female head of state,Never had a female head of state,Never had a female head of state,Never had a female head of state,Never had a female head of state,Never had a female head of state,Never had a female head of state,Never had a female head of state,Never had a female head of state,Never had a female head of state,Never had a female head of state,Never had a female head of state,Never had a female head of state,Never had a female head of state,Never had a female head of state,Never had a female head of state,Never had a female head of state,Never had a female head of state,Never had a female head of state,Never had a female head of state,Never had a female head of state,Never had a female head of state,Never had a female head of state,Never had a female head of state,Never had a female head of state,Never had a female head of state,Had a female head of state,Had a female head of state,Had a female head of state,Had a female head of state,,
mne,Montenegro,Never had a female head of state,Never had a female head of state,Never had a female head of state,Never had a female head of state,Never had a female head of state,Never had a female head of state,Never had a female head of state,Never had a female head of state,Never had a female head of state,Never had a female head of state,Never had a female head of state,Never had a female head of state,Never had a female head of state,Never had a female head of state,Never had a female head of state,Never had a female head of state,Never had a female head of state,Never had a female head of state,Never had a female head of state,Never had a female head of state,Never had a female head of state,Never had a female head of state,Never had a female head of state,Never had a female head of state,Never had a female head of state,Never had a female head of state,Never had a female head of state,Never had a female head of state,Never had a female head of state,Never had a female head of state,Never had a female head of state,Never had a female head of state,Never had a female head of state,Never had a female head of state,Never had a female head of state,Never had a female head of state,Never had a female head of state,Never had a female head of state,Never had a female head of state,Never had a female head of state,Never had a female head of state,Never had a female head of state,Never had a female head of state,Never had a female head of state,Never had a female head of state,Never had a female head of state,Never had a female head of state,Never had a female head of state,Never had a female head of state,Never had a female head of state,Never had a female head of state,Never had a female head of state,Never had a female head of state,Never had a female head of state,Never had a female head of state,Never had a female head of state,Never had a female head of state,Never had a female head of state,Never had a female head of state,Never had a female head of state,Never had a female head of state,Never had a female head of state,Never had a female head of state,Never had a female head of state,Never had a female head of state,Never had a female head of state,Never had a female head of state,Never had a female head of state,Never had a female head of state
mng,Mongolia,Had a female head of state,Had a female head of state,Had a female head of state,Had a female head of state,Had a female head of state,Had a female head of state,Had a female head of state,Had a female head of state,Had a female head of state,Had a female head of state,Had a female head of state,Had a female head of state,Had a female head of state,Had a female head of state,Had a female head of state,Had a female head of state,Had a female head of state,Had a female head of state,Had a female head of state,Had a female head of state,Had a female head of state,Had a female head of state,Had a female head of state,Had a female head of state,Had a female head of state,Had a female head of state,Had a female head of state,Had a female head of state,Had a female head of state,Had a female head of state,Had a female head of state,Had a female head of state,Had a female head of state,Had a female head of state,Had a female head of state,Had a female head of state,Had a female head of state,Had a female head of state,Had a female head of state,Had a female head of state,Had a female head of state,Had a female head of state,Had a female head of state,Had a female head of state,Had a female head of state,Had a female head of state,Had a female head of state,Had a female head of state,Had a female head of state,Had a female head of state,Had a female head of state,Had a female head of state,Had a female head of state,Had a female head of state,Had a female head of state,Had a female head of state,Had a female head of state,Had a female head of state,Had a female head of state,Had a female head of state,Had a female head of state,Had a female head of state,Had a female head of state,Had a female head of state,Had a female head of state,Had a female head of state,Had a female head of state,,
moz,Mozambique,Never had a female head of state,Never had a female head of state,Never had a female head of state,Never had a female head of state,Never had a female head of state,Never had a female head of state,Never had a female head of state,Never had a female head of state,Never had a female head of state,Never had a female head of state,Never had a female head of state,Never had a female head of state,Never had a female head of state,Never had a female head of state,Never had a female head of state,Never had a female head of state,Never had a female head of state,Never had a female head of state,Never had a female head of state,Never had a female head of state,Never had a female head of state,Never had a female head of state,Never had a female head of state,Never had a female head of state,Never had a female head of state,Never had a female head of state,Never had a female head of state,Never had a female head of state,Never had a female head of state,Never had a female head of state,Never had a female head of state,Never had a female head of state,Never had a female head of state,Never had a female head of state,Never had a female head of state,Never had a female head of state,Never had a female head of state,Never had a female head of state,Never had a female head of state,Never had a female head of state,Never had a female head of state,Never had a female head of state,Never had a female head of state,Never had a female head of state,Never had a female head of state,Never had a female head of state,Never had a female head of state,Never had a female head of state,Never had a female head of state,Never had a female head of state,Never had a female head of state,Never had a female head of state,Never had a female head of state,Never had a female head of state,Never had a female head of state,Never had a female head of state,Never had a female head of state,Never had a female head of state,Never had a female head of state,Never had a female head of state,Never had a female head of state,Never had a female head of state,Never had a female head of state,Never had a female head of state,Never had a female head of state,Never had a female head of state,Never had a female head of state,Never had a female head of state,Never had a female head of state
mrt,Mauritania,Never had a female head of state,Never had a female head of state,Never had a female head of state,Never had a female head of state,Never had a female head of state,Never had a female head of state,Never had a female head of state,Never had a female head of state,Never had a female head of state,Never had a female head of state,Never had a female head of state,Never had a female head of state,Never had a female head of state,Never had a female head of state,Never had a female head of state,Never had a female head of state,Never had a female head of state,Never had a female head of state,Never had a female head of state,Never had a female head of state,Never had a female head of state,Never had a female head of state,Never had a female head of state,Never had a female head of state,Never had a female head of state,Never had a female head of state,Never had a female head of state,Never had a female head of state,Never had a female head of state,Never had a female head of state,Never had a female head of state,Never had a female head of state,Never had a female head of state,Never had a female head of state,Never had a female head of state,Never had a female head of state,Never had a female head of state,Never had a female head of state,Never had a female head of state,Never had a female head of state,Never had a female head of state,Never had a female head of state,Never had a female head of state,Never had a female head of state,Never had a female head of state,Never had a female head of state,Never had a female head of state,Never had a female head of state,Never had a female head of state,Never had a female head of state,Never had a female head of state,Never had a female head of state,Never had a female head of state,Never had a female head of state,Never had a female head of state,Never had a female head of state,Never had a female head of state,Never had a female head of state,Never had a female head of state,Never had a female head of state,Never had a female head of state,Never had a female head of state,Never had a female head of state,Never had a female head of state,Never had a female head of state,Never had a female head of state,Never had a female head of state,Never had a female head of state,Never had a female head of state
mus,Mauritius,Never had a female head of state,Never had a female head of state,Never had a female head of state,Never had a female head of state,Never had a female head of state,Never had a female head of state,Never had a female head of state,Never had a female head of state,Never had a female head of state,Never had a female head of state,Never had a female head of state,Never had a female head of state,Never had a female head of state,Never had a female head of state,Never had a female head of state,Never had a female head of state,Never had a female head of state,Never had a female head of state,Never had a female head of state,Never had a female head of state,Never had a female head of state,Never had a female head of state,Never had a female head of state,Never had a female head of state,Never had a female head of state,Never had a female head of state,Never had a female head of state,Never had a female head of state,Never had a female head of state,Never had a female head of state,Never had a female head of state,Never had a female head of state,Never had a female head of state,Never had a female head of state,Never had a female head of state,Never had a female head of state,Never had a female head of state,Never had a female head of state,Never had a female head of state,Never had a female head of state,Never had a female head of state,Never had a female head of state,Never had a female head of state,Never had a female head of state,Never had a female head of state,Never had a female head of state,Never had a female head of state,Never had a female head of state,Never had a female head of state,Never had a female head of state,Never had a female head of state,Never had a female head of state,Never had a female head of state,Never had a female head of state,Never had a female head of state,Never had a female head of state,Never had a female head of state,Never had a female head of state,Never had a female head of state,Had a female head of state,Had a female head of state,Had a female head of state,Had a female head of state,Had a female head of state,Had a female head of state,Had a female head of state,Had a female head of state,,
mwi,Malawi,Never had a female head of state,Never had a female head of state,Never had a female head of state,Never had a female head of state,Never had a female head of state,Never had a female head of state,Never had a female head of state,Never had a female head of state,Never had a female head of state,Never had a female head of state,Never had a female head of state,Never had a female head of state,Never had a female head of state,Never had a female head of state,Never had a female head of state,Never had a female head of state,Never had a female head of state,Never had a female head of state,Never had a female head of state,Never had a female head of state,Never had a female head of state,Never had a female head of state,Never had a female head of state,Never had a female head of state,Never had a female head of state,Never had a female head of state,Never had a female head of state,Never had a female head of state,Never had a female head of state,Never had a female head of state,Never had a female head of state,Never had a female head of state,Never had a female head of state,Never had a female head of state,Never had a female head of state,Never had a female head of state,Never had a female head of state,Never had a female head of state,Never had a female head of state,Never had a female head of state,Never had a female head of state,Never had a female head of state,Never had a female head of state,Never had a female head of state,Never had a female head of state,Never had a female head of state,Never had a female head of state,Never had a female head of state,Never had a female head of state,Never had a female head of state,Never had a female head of state,Never had a female head of state,Never had a female head of state,Never had a female head of state,Never had a female head of state,Never had a female head of state,Never had a female head of state,Never had a female head of state,Never had a female head of state,Had a female head of state,Had a female head of state,Had a female head of state,Had a female head of state,Had a female head of state,Had a female head of state,Had a female head of state,Had a female head of state,,
mys,Malaysia,Never had a female head of state,Never had a female head of state,Never had a female head of state,Never had a female head of state,Never had a female head of state,Never had a female head of state,Never had a female head of state,Never had a female head of state,Never had a female head of state,Never had a female head of state,Never had a female head of state,Never had a female head of state,Never had a female head of state,Never had a female head of state,Never had a female head of state,Never had a female head of state,Never had a female head of state,Never had a female head of state,Never had a female head of state,Never had a female head of state,Never had a female head of state,Never had a female head of state,Never had a female head of state,Never had a female head of state,Never had a female head of state,Never had a female head of state,Never had a female head of state,Never had a female head of state,Never had a female head of state,Never had a female head of state,Never had a female head of state,Never had a female head of state,Never had a female head of state,Never had a female head of state,Never had a female head of state,Never had a female head of state,Never had a female head of state,Never had a female head of state,Never had a female head of state,Never had a female head of state,Never had a female head of state,Never had a female head of state,Never had a female head of state,Never had a female head of state,Never had a female head of state,Never had a female head of state,Never had a female head of state,Never had a female head of state,Never had a female head of state,Never had a female head of state,Never had a female head of state,Never had a female head of state,Never had a female head of state,Never had a female head of state,Never had a female head of state,Never had a female head of state,Never had a female head of state,Never had a female head of state,Never had a female head of state,Never had a female head of state,Never had a female head of state,Never had a female head of state,Never had a female head of state,Never had a female head of state,Never had a female head of state,Never had a female head of state,Never had a female head of state,Never had a female head of state,Never had a female head of state
nam,Namibia,Never had a female head of state,Never had a female head of state,Never had a female head of state,Never had a female head of state,Never had a female head of state,Never had a female head of state,Never had a female head of state,Never had a female head of state,Never had a female head of state,Never had a female head of state,Never had a female head of state,Never had a female head of state,Never had a female head of state,Never had a female head of state,Never had a female head of state,Never had a female head of state,Never had a female head of state,Never had a female head of state,Never had a female head of state,Never had a female head of state,Never had a female head of state,Never had a female head of state,Never had a female head of state,Never had a female head of state,Never had a female head of state,Never had a female head of state,Never had a female head of state,Never had a female head of state,Never had a female head of state,Never had a female head of state,Never had a female head of state,Never had a female head of state,Never had a female head of state,Never had a female head of state,Never had a female head of state,Never had a female head of state,Never had a female head of state,Never had a female head of state,Never had a female head of state,Never had a female head of state,Never had a female head of state,Never had a female head of state,Never had a female head of state,Never had a female head of state,Never had a female head of state,Never had a female head of state,Never had a female head of state,Never had a female head of state,Never had a female head of state,Never had a female head of state,Never had a female head of state,Never had a female head of state,Never had a female head of state,Never had a female head of state,Never had a female head of state,Never had a female head of state,Never had a female head of state,Never had a female head of state,Never had a female head of state,Never had a female head of state,Never had a female head of state,Never had a female head of state,Never had a female head of state,Never had a female head of state,Never had a female head of state,Never had a female head of state,Never had a female head of state,Never had a female head of state,Never had a female head of state
ner,Niger,Never had a female head of state,Never had a female head of state,Never had a female head of state,Never had a female head of state,Never had a female head of state,Never had a female head of state,Never had a female head of state,Never had a female head of state,Never had a female head of state,Never had a female head of state,Never had a female head of state,Never had a female head of state,Never had a female head of state,Never had a female head of state,Never had a female head of state,Never had a female head of state,Never had a female head of state,Never had a female head of state,Never had a female head of state,Never had a female head of state,Never had a female head of state,Never had a female head of state,Never had a female head of state,Never had a female head of state,Never had a female head of state,Never had a female head of state,Never had a female head of state,Never had a female head of state,Never had a female head of state,Never had a female head of state,Never had a female head of state,Never had a female head of state,Never had a female head of state,Never had a female head of state,Never had a female head of state,Never had a female head of state,Never had a female head of state,Never had a female head of state,Never had a female head of state,Never had a female head of state,Never had a female head of state,Never had a female head of state,Never had a female head of state,Never had a female head of state,Never had a female head of state,Never had a female head of state,Never had a female head of state,Never had a female head of state,Never had a female head of state,Never had a female head of state,Never had a female head of state,Never had a female head of state,Never had a female head of state,Never had a female head of state,Never had a female head of state,Never had a female head of state,Never had a female head of state,Never had a female head of state,Never had a female head of state,Never had a female head of state,Never had a female head of state,Never had a female head of state,Never had a female head of state,Never had a female head of state,Never had a female head of state,Never had a female head of state,Never had a female head of state,Never had a female head of state,Never had a female head of state
nga,Nigeria,Never had a female head of state,Never had a female head of state,Never had a female head of state,Never had a female head of state,Never had a female head of state,Never had a female head of state,Never had a female head of state,Never had a female head of state,Never had a female head of state,Never had a female head of state,Never had a female head of state,Never had a female head of state,Never had a female head of state,Never had a female head of state,Never had a female head of state,Never had a female head of state,Never had a female head of state,Never had a female head of state,Never had a female head of state,Never had a female head of state,Never had a female head of state,Never had a female head of state,Never had a female head of state,Never had a female head of state,Never had a female head of state,Never had a female head of state,Never had a female head of state,Never had a female head of state,Never had a female head of state,Never had a female head of state,Never had a female head of state,Never had a female head of state,Never had a female head of state,Never had a female head of state,Never had a female head of state,Never had a female head of state,Never had a female head of state,Never had a female head of state,Never had a female head of state,Never had a female head of state,Never had a female head of state,Never had a female head of state,Never had a female head of state,Never had a female head of state,Never had a female head of state,Never had a female head of state,Never had a female head of state,Never had a female head of state,Never had a female head of state,Never had a female head of state,Never had a female head of state,Never had a female head of state,Never had a female head of state,Never had a female head of state,Never had a female head of state,Never had a female head of state,Never had a female head of state,Never had a female head of state,Never had a female head of state,Never had a female head of state,Never had a female head of state,Never had a female head of state,Never had a female head of state,Never had a female head of state,Never had a female head of state,Never had a female head of state,Never had a female head of state,Never had a female head of state,Never had a female head of state
nic,Nicaragua,Never had a female head of state,Never had a female head of state,Never had a female head of state,Never had a female head of state,Never had a female head of state,Never had a female head of state,Never had a female head of state,Never had a female head of state,Never had a female head of state,Never had a female head of state,Never had a female head of state,Never had a female head of state,Never had a female head of state,Never had a female head of state,Never had a female head of state,Never had a female head of state,Never had a female head of state,Never had a female head of state,Never had a female head of state,Never had a female head of state,Never had a female head of state,Never had a female head of state,Never had a female head of state,Never had a female head of state,Never had a female head of state,Never had a female head of state,Never had a female head of state,Never had a female head of state,Never had a female head of state,Never had a female head of state,Never had a female head of state,Never had a female head of state,Never had a female head of state,Never had a female head of state,Never had a female head of state,Never had a female head of state,Never had a female head of state,Had a female head of state,Had a female head of state,Had a female head of state,Had a female head of state,Had a female head of state,Had a female head of state,Had a female head of state,Had a female head of state,Had a female head of state,Had a female head of state,Had a female head of state,Had a female head of state,Had a female head of state,Had a female head of state,Had a female head of state,Had a female head of state,Had a female head of state,Had a female head of state,Had a female head of state,Had a female head of state,Had a female head of state,Had a female head of state,Had a female head of state,Had a female head of state,Had a female head of state,Had a female head of state,Had a female head of state,Had a female head of state,Had a female head of state,Had a female head of state,,
nld,Netherlands,Never had a female head of state,Never had a female head of state,Never had a female head of state,Never had a female head of state,Never had a female head of state,Never had a female head of state,Never had a female head of state,Never had a female head of state,Never had a female head of state,Never had a female head of state,Never had a female head of state,Never had a female head of state,Never had a female head of state,Never had a female head of state,Never had a female head of state,Never had a female head of state,Never had a female head of state,Never had a female head of state,Never had a female head of state,Never had a female head of state,Never had a female head of state,Never had a female head of state,Never had a female head of state,Never had a female head of state,Never had a female head of state,Never had a female head of state,Never had a female head of state,Never had a female head of state,Never had a female head of state,Never had a female head of state,Never had a female head of state,Never had a female head of state,Never had a female head of state,Never had a female head of state,Never had a female head of state,Never had a female head of state,Never had a female head of state,Never had a female head of state,Never had a female head of state,Never had a female head of state,Never had a female head of state,Never had a female head of state,Never had a female head of state,Never had a female head of state,Never had a female head of state,Never had a female head of state,Never had a female head of state,Never had a female head of state,Never had a female head of state,Never had a female head of state,Never had a female head of state,Never had a female head of state,Never had a female head of state,Never had a female head of state,Never had a female head of state,Never had a female head of state,Never had a female head of state,Never had a female head of state,Never had a female head of state,Never had a female head of state,Never had a female head of state,Never had a female head of state,Never had a female head of state,Never had a female head of state,Never had a female head of state,Never had a female head of state,Never had a female head of state,Never had a female head of state,Never had a female head of state
nor,Norway,Never had a female head of state,Never had a female head of state,Never had a female head of state,Never had a female head of state,Never had a female head of state,Never had a female head of state,Never had a female head of state,Never had a female head of state,Never had a female head of state,Never had a female head of state,Never had a female head of state,Never had a female head of state,Never had a female head of state,Never had a female head of state,Never had a female head of state,Never had a female head of state,Never had a female head of state,Never had a female head of state,Never had a female head of state,Never had a female head of state,Never had a female head of state,Never had a female head of state,Never had a female head of state,Never had a female head of state,Never had a female head of state,Never had a female head of state,Never had a female head of state,Never had a female head of state,Had a female head of state,Had a female head of state,Had a female head of state,Had a female head of state,Had a female head of state,Had a female head of state,Had a female head of state,Had a female head of state,Had a female head of state,Had a female head of state,Had a female head of state,Had a female head of state,Had a female head of state,Had a female head of state,Had a female head of state,Had a female head of state,Had a female head of state,Had a female head of state,Had a female head of state,Had a female head of state,Had a female head of state,Had a female head of state,Had a female head of state,Had a female head of state,Had a female head of state,Had a female head of state,Had a female head of state,Had a female head of state,Had a female head of state,Had a female head of state,Had a female head of state,Had a female head of state,Had a female head of state,Had a female head of state,Had a female head of state,Had a female head of state,Had a female head of state,Had a female head of state,Had a female head of state,,
npl,Nepal,Never had a female head of state,Never had a female head of state,Never had a female head of state,Never had a female head of state,Never had a female head of state,Never had a female head of state,Never had a female head of state,Never had a female head of state,Never had a female head of state,Never had a female head of state,Never had a female head of state,Never had a female head of state,Never had a female head of state,Never had a female head of state,Never had a female head of state,Never had a female head of state,Never had a female head of state,Never had a female head of state,Never had a female head of state,Never had a female head of state,Never had a female head of state,Never had a female head of state,Never had a female head of state,Never had a female head of state,Never had a female head of state,Never had a female head of state,Never had a female head of state,Never had a female head of state,Never had a female head of state,Never had a female head of state,Never had a female head of state,Never had a female head of state,Never had a female head of state,Never had a female head of state,Never had a female head of state,Never had a female head of state,Never had a female head of state,Never had a female head of state,Never had a female head of state,Never had a female head of state,Never had a female head of state,Never had a female head of state,Never had a female head of state,Never had a female head of state,Never had a female head of state,Never had a female head of state,Never had a female head of state,Never had a female head of state,Never had a female head of state,Never had a female head of state,Never had a female head of state,Never had a female head of state,Never had a female head of state,Never had a female head of state,Never had a female head of state,Never had a female head of state,Never had a female head of state,Never had a female head of state,Never had a female head of state,Never had a female head of state,Never had a female head of state,Never had a female head of state,Had a female head of state,Had a female head of state,Had a female head of state,Had a female head of state,Had a female head of state,,
nru,Nauru,Never had a female head of state,Never had a female head of state,Never had a female head of state,Never had a female head of state,Never had a female head of state,Never had a female head of state,Never had a female head of state,Never had a female head of state,Never had a female head of state,Never had a female head of state,Never had a female head of state,Never had a female head of state,Never had a female head of state,Never had a female head of state,Never had a female head of state,Never had a female head of state,Never had a female head of state,Never had a female head of state,Never had a female head of state,Never had a female head of state,Never had a female head of state,Never had a female head of state,Never had a female head of state,Never had a female head of state,Never had a female head of state,Never had a female head of state,Never had a female head of state,Never had a female head of state,Never had a female head of state,Never had a female head of state,Never had a female head of state,Never had a female head of state,Never had a female head of state,Never had a female head of state,Never had a female head of state,Never had a female head of state,Never had a female head of state,Never had a female head of state,Never had a female head of state,Never had a female head of state,Never had a female head of state,Never had a female head of state,Never had a female head of state,Never had a female head of state,Never had a female head of state,Never had a female head of state,Never had a female head of state,Never had a female head of state,Never had a female head of state,Never had a female head of state,Never had a female head of state,Never had a female head of state,Never had a female head of state,Never had a female head of state,Never had a female head of state,Never had a female head of state,Never had a female head of state,Never had a female head of state,Never had a female head of state,Never had a female head of state,Never had a female head of state,Never had a female head of state,Never had a female head of state,Never had a female head of state,Never had a female head of state,Never had a female head of state,Never had a female head of state,Never had a female head of state,Never had a female head of state
nzl,New Zealand,Never had a female head of state,Never had a female head of state,Never had a female head of state,Never had a female head of state,Never had a female head of state,Never had a female head of state,Never had a female head of state,Never had a female head of state,Never had a female head of state,Never had a female head of state,Never had a female head of state,Never had a female head of state,Never had a female head of state,Never had a female head of state,Never had a female head of state,Never had a female head of state,Never had a female head of state,Never had a female head of state,Never had a female head of state,Never had a female head of state,Never had a female head of state,Never had a female head of state,Never had a female head of state,Never had a female head of state,Never had a female head of state,Never had a female head of state,Never had a female head of state,Never had a female head of state,Never had a female head of state,Never had a female head of state,Never had a female head of state,Never had a female head of state,Never had a female head of state,Never had a female head of state,Never had a female head of state,Never had a female head of state,Never had a female head of state,Never had a female head of state,Never had a female head of state,Never had a female head of state,Never had a female head of state,Never had a female head of state,Never had a female head of state,Never had a female head of state,Had a female head of state,Had a female head of state,Had a female head of state,Had a female head of state,Had a female head of state,Had a female head of state,Had a female head of state,Had a female head of state,Had a female head of state,Had a female head of state,Had a female head of state,Had a female head of state,Had a female head of state,Had a female head of state,Had a female head of state,Had a female head of state,Had a female head of state,Had a female head of state,Had a female head of state,Had a female head of state,Had a female head of state,Had a female head of state,Had a female head of state,,
omn,Oman,Never had a female head of state,Never had a female head of state,Never had a female head of state,Never had a female head of state,Never had a female head of state,Never had a female head of state,Never had a female head of state,Never had a female head of state,Never had a female head of state,Never had a female head of state,Never had a female head of state,Never had a female head of state,Never had a female head of state,Never had a female head of state,Never had a female head of state,Never had a female head of state,Never had a female head of state,Never had a female head of state,Never had a female head of state,Never had a female head of state,Never had a female head of state,Never had a female head of state,Never had a female head of state,Never had a female head of state,Never had a female head of state,Never had a female head of state,Never had a female head of state,Never had a female head of state,Never had a female head of state,Never had a female head of state,Never had a female head of state,Never had a female head of state,Never had a female head of state,Never had a female head of state,Never had a female head of state,Never had a female head of state,Never had a female head of state,Never had a female head of state,Never had a female head of state,Never had a female head of state,Never had a female head of state,Never had a female head of state,Never had a female head of state,Never had a female head of state,Never had a female head of state,Never had a female head of state,Never had a female head of state,Never had a female head of state,Never had a female head of state,Never had a female head of state,Never had a female head of state,Never had a female head of state,Never had a female head of state,Never had a female head of state,Never had a female head of state,Never had a female head of state,Never had a female head of state,Never had a female head of state,Never had a female head of state,Never had a female head of state,Never had a female head of state,Never had a female head of state,Never had a female head of state,Never had a female head of state,Never had a female head of state,Never had a female head of state,Never had a female head of state,Never had a female head of state,Never had a female head of state
pak,Pakistan,Never had a female head of state,Never had a female head of state,Never had a female head of state,Never had a female head of state,Never had a female head of state,Never had a female head of state,Never had a female head of state,Never had a female head of state,Never had a female head of state,Never had a female head of state,Never had a female head of state,Never had a female head of state,Never had a female head of state,Never had a female head of state,Never had a female head of state,Never had a female head of state,Never had a female head of state,Never had a female head of state,Never had a female head of state,Never had a female head of state,Never had a female head of state,Never had a female head of state,Never had a female head of state,Never had a female head of state,Never had a female head of state,Never had a female head of state,Never had a female head of state,Never had a female head of state,Never had a female head of state,Never had a female head of state,Never had a female head of state,Never had a female head of state,Never had a female head of state,Never had a female head of state,Never had a female head of state,Had a female head of state,Had a female head of state,Had a female head of state,Had a female head of state,Had a female head of state,Had a female head of state,Had a female head of state,Had a female head of state,Had a female head of state,Had a female head of state,Had a female head of state,Had a female head of state,Had a female head of state,Had a female head of state,Had a female head of state,Had a female head of state,Had a female head of state,Had a female head of state,Had a female head of state,Had a female head of state,Had a female head of state,Had a female head of state,Had a female head of state,Had a female head of state,Had a female head of state,Had a female head of state,Had a female head of state,Had a female head of state,Had a female head of state,Had a female head of state,Had a female head of state,Had a female head of state,,
pan,Panama,Never had a female head of state,Never had a female head of state,Never had a female head of state,Never had a female head of state,Never had a female head of state,Never had a female head of state,Never had a female head of state,Never had a female head of state,Never had a female head of state,Never had a female head of state,Never had a female head of state,Never had a female head of state,Never had a female head of state,Never had a female head of state,Never had a female head of state,Never had a female head of state,Never had a female head of state,Never had a female head of state,Never had a female head of state,Never had a female head of state,Never had a female head of state,Never had a female head of state,Never had a female head of state,Never had a female head of state,Never had a female head of state,Never had a female head of state,Never had a female head of state,Never had a female head of state,Never had a female head of state,Never had a female head of state,Never had a female head of state,Never had a female head of state,Never had a female head of state,Never had a female head of state,Never had a female head of state,Never had a female head of state,Never had a female head of state,Never had a female head of state,Never had a female head of state,Never had a female head of state,Never had a female head of state,Never had a female head of state,Never had a female head of state,Never had a female head of state,Never had a female head of state,Never had a female head of state,Had a female head of state,Had a female head of state,Had a female head of state,Had a female head of state,Had a female head of state,Had a female head of state,Had a female head of state,Had a female head of state,Had a female head of state,Had a female head of state,Had a female head of state,Had a female head of state,Had a female head of state,Had a female head of state,Had a female head of state,Had a female head of state,Had a female head of state,Had a female head of state,Had a female head of state,Had a female head of state,Had a female head of state,,
per,Peru,Never had a female head of state,Never had a female head of state,Never had a female head of state,Never had a female head of state,Never had a female head of state,Never had a female head of state,Never had a female head of state,Never had a female head of state,Never had a female head of state,Never had a female head of state,Never had a female head of state,Never had a female head of state,Never had a female head of state,Never had a female head of state,Never had a female head of state,Never had a female head of state,Never had a female head of state,Never had a female head of state,Never had a female head of state,Never had a female head of state,Never had a female head of state,Never had a female head of state,Never had a female head of state,Never had a female head of state,Never had a female head of state,Never had a female head of state,Never had a female head of state,Never had a female head of state,Never had a female head of state,Never had a female head of state,Never had a female head of state,Never had a female head of state,Never had a female head of state,Never had a female head of state,Never had a female head of state,Never had a female head of state,Never had a female head of state,Never had a female head of state,Never had a female head of state,Never had a female head of state,Never had a female head of state,Never had a female head of state,Never had a female head of state,Never had a female head of state,Never had a female head of state,Never had a female head of state,Never had a female head of state,Never had a female head of state,Never had a female head of state,Never had a female head of state,Never had a female head of state,Never had a female head of state,Never had a female head of state,Never had a female head of state,Never had a female head of state,Never had a female head of state,Never had a female head of state,Never had a female head of state,Never had a female head of state,Never had a female head of state,Never had a female head of state,Never had a female head of state,Never had a female head of state,Never had a female head of state,Never had a female head of state,Never had a female head of state,Never had a female head of state,Never had a female head of state,Never had a female head of state
phl,Philippines,Never had a female head of state,Never had a female head of state,Never had a female head of state,Never had a female head of state,Never had a female head of state,Never had a female head of state,Never had a female head of state,Never had a female head of state,Never had a female head of state,Never had a female head of state,Never had a female head of state,Never had a female head of state,Never had a female head of state,Never had a female head of state,Never had a female head of state,Never had a female head of state,Never had a female head of state,Never had a female head of state,Never had a female head of state,Never had a female head of state,Never had a female head of state,Never had a female head of state,Never had a female head of state,Never had a female head of state,Never had a female head of state,Never had a female head of state,Never had a female head of state,Never had a female head of state,Never had a female head of state,Never had a female head of state,Never had a female head of state,Never had a female head of state,Never had a female head of state,Had a female head of state,Had a female head of state,Had a female head of state,Had a female head of state,Had a female head of state,Had a female head of state,Had a female head of state,Had a female head of state,Had a female head of state,Had a female head of state,Had a female head of state,Had a female head of state,Had a female head of state,Had a female head of state,Had a female head of state,Had a female head of state,Had a female head of state,Had a female head of state,Had a female head of state,Had a female head of state,Had a female head of state,Had a female head of state,Had a female head of state,Had a female head of state,Had a female head of state,Had a female head of state,Had a female head of state,Had a female head of state,Had a female head of state,Had a female head of state,Had a female head of state,Had a female head of state,Had a female head of state,Had a female head of state,,
plw,Palau,Never had a female head of state,Never had a female head of state,Never had a female head of state,Never had a female head of state,Never had a female head of state,Never had a female head of state,Never had a female head of state,Never had a female head of state,Never had a female head of state,Never had a female head of state,Never had a female head of state,Never had a female head of state,Never had a female head of state,Never had a female head of state,Never had a female head of state,Never had a female head of state,Never had a female head of state,Never had a female head of state,Never had a female head of state,Never had a female head of state,Never had a female head of state,Never had a female head of state,Never had a female head of state,Never had a female head of state,Never had a female head of state,Never had a female head of state,Never had a female head of state,Never had a female head of state,Never had a female head of state,Never had a female head of state,Never had a female head of state,Never had a female head of state,Never had a female head of state,Never had a female head of state,Never had a female head of state,Never had a female head of state,Never had a female head of state,Never had a female head of state,Never had a female head of state,Never had a female head of state,Never had a female head of state,Never had a female head of state,Never had a female head of state,Never had a female head of state,Never had a female head of state,Never had a female head of state,Never had a female head of state,Never had a female head of state,Never had a female head of state,Never had a female head of state,Never had a female head of state,Never had a female head of state,Never had a female head of state,Never had a female head of state,Never had a female head of state,Never had a female head of state,Never had a female head of state,Never had a female head of state,Never had a female head of state,Never had a female head of state,Never had a female head of state,Never had a female head of state,Never had a female head of state,Never had a female head of state,Never had a female head of state,Never had a female head of state,Never had a female head of state,Never had a female head of state,Never had a female head of state
png,Papua New Guinea,Never had a female head of state,Never had a female head of state,Never had a female head of state,Never had a female head of state,Never had a female head of state,Never had a female head of state,Never had a female head of state,Never had a female head of state,Never had a female head of state,Never had a female head of state,Never had a female head of state,Never had a female head of state,Never had a female head of state,Never had a female head of state,Never had a female head of state,Never had a female head of state,Never had a female head of state,Never had a female head of state,Never had a female head of state,Never had a female head of state,Never had a female head of state,Never had a female head of state,Never had a female head of state,Never had a female head of state,Never had a female head of state,Never had a female head of state,Never had a female head of state,Never had a female head of state,Never had a female head of state,Never had a female head of state,Never had a female head of state,Never had a female head of state,Never had a female head of state,Never had a female head of state,Never had a female head of state,Never had a female head of state,Never had a female head of state,Never had a female head of state,Never had a female head of state,Never had a female head of state,Never had a female head of state,Never had a female head of state,Never had a female head of state,Never had a female head of state,Never had a female head of state,Never had a female head of state,Never had a female head of state,Never had a female head of state,Never had a female head of state,Never had a female head of state,Never had a female head of state,Never had a female head of state,Never had a female head of state,Never had a female head of state,Never had a female head of state,Never had a female head of state,Never had a female head of state,Never had a female head of state,Never had a female head of state,Never had a female head of state,Never had a female head of state,Never had a female head of state,Never had a female head of state,Never had a female head of state,Never had a female head of state,Never had a female head of state,Never had a female head of state,Never had a female head of state,Never had a female head of state
pol,Poland,Never had a female head of state,Never had a female head of state,Never had a female head of state,Never had a female head of state,Never had a female head of state,Never had a female head of state,Never had a female head of state,Never had a female head of state,Never had a female head of state,Never had a female head of state,Never had a female head of state,Never had a female head of state,Never had a female head of state,Never had a female head of state,Never had a female head of state,Never had a female head of state,Never had a female head of state,Never had a female head of state,Never had a female head of state,Never had a female head of state,Never had a female head of state,Never had a female head of state,Never had a female head of state,Never had a female head of state,Never had a female head of state,Never had a female head of state,Never had a female head of state,Never had a female head of state,Never had a female head of state,Never had a female head of state,Never had a female head of state,Never had a female head of state,Never had a female head of state,Never had a female head of state,Never had a female head of state,Never had a female head of state,Never had a female head of state,Never had a female head of state,Never had a female head of state,Had a female head of state,Had a female head of state,Had a female head of state,Had a female head of state,Had a female head of state,Had a female head of state,Had a female head of state,Had a female head of state,Had a female head of state,Had a female head of state,Had a female head of state,Had a female head of state,Had a female head of state,Had a female head of state,Had a female head of state,Had a female head of state,Had a female head of state,Had a female head of state,Had a female head of state,Had a female head of state,Had a female head of state,Had a female head of state,Had a female head of state,Had a female head of state,Had a female head of state,Had a female head of state,Had a female head of state,Had a female head of state,,
prk,North Korea,Never had a female head of state,Never had a female head of state,Never had a female head of state,Never had a female head of state,Never had a female head of state,Never had a female head of state,Never had a female head of state,Never had a female head of state,Never had a female head of state,Never had a female head of state,Never had a female head of state,Never had a female head of state,Never had a female head of state,Never had a female head of state,Never had a female head of state,Never had a female head of state,Never had a female head of state,Never had a female head of state,Never had a female head of state,Never had a female head of state,Never had a female head of state,Never had a female head of state,Never had a female head of state,Never had a female head of state,Never had a female head of state,Never had a female head of state,Never had a female head of state,Never had a female head of state,Never had a female head of state,Never had a female head of state,Never had a female head of state,Never had a female head of state,Never had a female head of state,Never had a female head of state,Never had a female head of state,Never had a female head of state,Never had a female head of state,Never had a female head of state,Never had a female head of state,Never had a female head of state,Never had a female head of state,Never had a female head of state,Never had a female head of state,Never had a female head of state,Never had a female head of state,Never had a female head of state,Never had a female head of state,Never had a female head of state,Never had a female head of state,Never had a female head of state,Never had a female head of state,Never had a female head of state,Never had a female head of state,Never had a female head of state,Never had a female head of state,Never had a female head of state,Never had a female head of state,Never had a female head of state,Never had a female head of state,Never had a female head of state,Never had a female head of state,Never had a female head of state,Never had a female head of state,Never had a female head of state,Never had a female head of state,Never had a female head of state,Never had a female head of state,Never had a female head of state,Never had a female head of state
prt,Portugal,Never had a female head of state,Never had a female head of state,Never had a female head of state,Never had a female head of state,Never had a female head of state,Never had a female head of state,Never had a female head of state,Never had a female head of state,Never had a female head of state,Never had a female head of state,Never had a female head of state,Never had a female head of state,Never had a female head of state,Never had a female head of state,Never had a female head of state,Never had a female head of state,Never had a female head of state,Never had a female head of state,Never had a female head of state,Never had a female head of state,Never had a female head of state,Never had a female head of state,Never had a female head of state,Never had a female head of state,Never had a female head of state,Never had a female head of state,Had a female head of state,Had a female head of state,Had a female head of state,Had a female head of state,Had a female head of state,Had a female head of state,Had a female head of state,Had a female head of state,Had a female head of state,Had a female head of state,Had a female head of state,Had a female head of state,Had a female head of state,Had a female head of state,Had a female head of state,Had a female head of state,Had a female head of state,Had a female head of state,Had a female head of state,Had a female head of state,Had a female head of state,Had a female head of state,Had a female head of state,Had a female head of state,Had a female head of state,Had a female head of state,Had a female head of state,Had a female head of state,Had a female head of state,Had a female head of state,Had a female head of state,Had a female head of state,Had a female head of state,Had a female head of state,Had a female head of state,Had a female head of state,Had a female head of state,Had a female head of state,Had a female head of state,Had a female head of state,Had a female head of state,,
pry,Paraguay,Never had a female head of state,Never had a female head of state,Never had a female head of state,Never had a female head of state,Never had a female head of state,Never had a female head of state,Never had a female head of state,Never had a female head of state,Never had a female head of state,Never had a female head of state,Never had a female head of state,Never had a female head of state,Never had a female head of state,Never had a female head of state,Never had a female head of state,Never had a female head of state,Never had a female head of state,Never had a female head of state,Never had a female head of state,Never had a female head of state,Never had a female head of state,Never had a female head of state,Never had a female head of state,Never had a female head of state,Never had a female head of state,Never had a female head of state,Never had a female head of state,Never had a female head of state,Never had a female head of state,Never had a female head of state,Never had a female head of state,Never had a female head of state,Never had a female head of state,Never had a female head of state,Never had a female head of state,Never had a female head of state,Never had a female head of state,Never had a female head of state,Never had a female head of state,Never had a female head of state,Never had a female head of state,Never had a female head of state,Never had a female head of state,Never had a female head of state,Never had a female head of state,Never had a female head of state,Never had a female head of state,Never had a female head of state,Never had a female head of state,Never had a female head of state,Never had a female head of state,Never had a female head of state,Never had a female head of state,Never had a female head of state,Never had a female head of state,Never had a female head of state,Never had a female head of state,Never had a female head of state,Never had a female head of state,Never had a female head of state,Never had a female head of state,Never had a female head of state,Never had a female head of state,Never had a female head of state,Never had a female head of state,Never had a female head of state,Never had a female head of state,Never had a female head of state,Never had a female head of state
pse,Palestine,Never had a female head of state,Never had a female head of state,Never had a female head of state,Never had a female head of state,Never had a female head of state,Never had a female head of state,Never had a female head of state,Never had a female head of state,Never had a female head of state,Never had a female head of state,Never had a female head of state,Never had a female head of state,Never had a female head of state,Never had a female head of state,Never had a female head of state,Never had a female head of state,Never had a female head of state,Never had a female head of state,Never had a female head of state,Never had a female head of state,Never had a female head of state,Never had a female head of state,Never had a female head of state,Never had a female head of state,Never had a female head of state,Never had a female head of state,Never had a female head of state,Never had a female head of state,Never had a female head of state,Never had a female head of state,Never had a female head of state,Never had a female head of state,Never had a female head of state,Never had a female head of state,Never had a female head of state,Never had a female head of state,Never had a female head of state,Never had a female head of state,Never had a female head of state,Never had a female head of state,Never had a female head of state,Never had a female head of state,Never had a female head of state,Never had a female head of state,Never had a female head of state,Never had a female head of state,Never had a female head of state,Never had a female head of state,Never had a female head of state,Never had a female head of state,Never had a female head of state,Never had a female head of state,Never had a female head of state,Never had a female head of state,Never had a female head of state,Never had a female head of state,Never had a female head of state,Never had a female head of state,Never had a female head of state,Never had a female head of state,Never had a female head of state,Never had a female head of state,Never had a female head of state,Never had a female head of state,Never had a female head of state,Never had a female head of state,Never had a female head of state,Never had a female head of state,Never had a female head of state
qat,Qatar,Never had a female head of state,Never had a female head of state,Never had a female head of state,Never had a female head of state,Never had a female head of state,Never had a female head of state,Never had a female head of state,Never had a female head of state,Never had a female head of state,Never had a female head of state,Never had a female head of state,Never had a female head of state,Never had a female head of state,Never had a female head of state,Never had a female head of state,Never had a female head of state,Never had a female head of state,Never had a female head of state,Never had a female head of state,Never had a female head of state,Never had a female head of state,Never had a female head of state,Never had a female head of state,Never had a female head of state,Never had a female head of state,Never had a female head of state,Never had a female head of state,Never had a female head of state,Never had a female head of state,Never had a female head of state,Never had a female head of state,Never had a female head of state,Never had a female head of state,Never had a female head of state,Never had a female head of state,Never had a female head of state,Never had a female head of state,Never had a female head of state,Never had a female head of state,Never had a female head of state,Never had a female head of state,Never had a female head of state,Never had a female head of state,Never had a female head of state,Never had a female head of state,Never had a female head of state,Never had a female head of state,Never had a female head of state,Never had a female head of state,Never had a female head of state,Never had a female head of state,Never had a female head of state,Never had a female head of state,Never had a female head of state,Never had a female head of state,Never had a female head of state,Never had a female head of state,Never had a female head of state,Never had a female head of state,Never had a female head of state,Never had a female head of state,Never had a female head of state,Never had a female head of state,Never had a female head of state,Never had a female head of state,Never had a female head of state,Never had a female head of state,Never had a female head of state,Never had a female head of state
rou,Romania,Never had a female head of state,Never had a female head of state,Never had a female head of state,Never had a female head of state,Never had a female head of state,Never had a female head of state,Never had a female head of state,Never had a female head of state,Never had a female head of state,Never had a female head of state,Never had a female head of state,Never had a female head of state,Never had a female head of state,Never had a female head of state,Never had a female head of state,Never had a female head of state,Never had a female head of state,Never had a female head of state,Never had a female head of state,Never had a female head of state,Never had a female head of state,Never had a female head of state,Never had a female head of state,Never had a female head of state,Never had a female head of state,Never had a female head of state,Never had a female head of state,Never had a female head of state,Never had a female head of state,Never had a female head of state,Never had a female head of state,Never had a female head of state,Never had a female head of state,Never had a female head of state,Never had a female head of state,Never had a female head of state,Never had a female head of state,Never had a female head of state,Never had a female head of state,Never had a female head of state,Never had a female head of state,Never had a female head of state,Never had a female head of state,Never had a female head of state,Never had a female head of state,Never had a female head of state,Never had a female head of state,Never had a female head of state,Never had a female head of state,Never had a female head of state,Never had a female head of state,Never had a female head of state,Never had a female head of state,Never had a female head of state,Never had a female head of state,Never had a female head of state,Never had a female head of state,Never had a female head of state,Never had a female head of state,Never had a female head of state,Never had a female head of state,Never had a female head of state,Never had a female head of state,Never had a female head of state,Never had a female head of state,Had a female head of state,Had a female head of state,,
rus,Russia,Never had a female head of state,Never had a female head of state,Never had a female head of state,Never had a female head of state,Never had a female head of state,Never had a female head of state,Never had a female head of state,Never had a female head of state,Never had a female head of state,Never had a female head of state,Never had a female head of state,Never had a female head of state,Never had a female head of state,Never had a female head of state,Never had a female head of state,Never had a female head of state,Never had a female head of state,Never had a female head of state,Never had a female head of state,Never had a female head of state,Never had a female head of state,Never had a female head of state,Never had a female head of state,Never had a female head of state,Never had a female head of state,Never had a female head of state,Never had a female head of state,Never had a female head of state,Never had a female head of state,Never had a female head of state,Never had a female head of state,Never had a female head of state,Never had a female head of state,Never had a female head of state,Never had a female head of state,Never had a female head of state,Never had a female head of state,Never had a female head of state,Never had a female head of state,Never had a female head of state,Never had a female head of state,Never had a female head of state,Never had a female head of state,Never had a female head of state,Never had a female head of state,Never had a female head of state,Never had a female head of state,Never had a female head of state,Never had a female head of state,Never had a female head of state,Never had a female head of state,Never had a female head of state,Never had a female head of state,Never had a female head of state,Never had a female head of state,Never had a female head of state,Never had a female head of state,Never had a female head of state,Never had a female head of state,Never had a female head of state,Never had a female head of state,Never had a female head of state,Never had a female head of state,Never had a female head of state,Never had a female head of state,Never had a female head of state,Never had a female head of state,Never had a female head of state,Never had a female head of state
rwa,Rwanda,Never had a female head of state,Never had a female head of state,Never had a female head of state,Never had a female head of state,Never had a female head of state,Never had a female head of state,Never had a female head of state,Never had a female head of state,Never had a female head of state,Never had a female head of state,Never had a female head of state,Never had a female head of state,Never had a female head of state,Never had a female head of state,Never had a female head of state,Never had a female head of state,Never had a female head of state,Never had a female head of state,Never had a female head of state,Never had a female head of state,Never had a female head of state,Never had a female head of state,Never had a female head of state,Never had a female head of state,Never had a female head of state,Never had a female head of state,Never had a female head of state,Never had a female head of state,Never had a female head of state,Never had a female head of state,Never had a female head of state,Never had a female head of state,Never had a female head of state,Never had a female head of state,Never had a female head of state,Never had a female head of state,Never had a female head of state,Never had a female head of state,Never had a female head of state,Never had a female head of state,Had a female head of state,Had a female head of state,Had a female head of state,Had a female head of state,Had a female head of state,Had a female head of state,Had a female head of state,Had a female head of state,Had a female head of state,Had a female head of state,Had a female head of state,Had a female head of state,Had a female head of state,Had a female head of state,Had a female head of state,Had a female head of state,Had a female head of state,Had a female head of state,Had a female head of state,Had a female head of state,Had a female head of state,Had a female head of state,Had a female head of state,Had a female head of state,Had a female head of state,Had a female head of state,Had a female head of state,,
sau,Saudi Arabia,Never had a female head of state,Never had a female head of state,Never had a female head of state,Never had a female head of state,Never had a female head of state,Never had a female head of state,Never had a female head of state,Never had a female head of state,Never had a female head of state,Never had a female head of state,Never had a female head of state,Never had a female head of state,Never had a female head of state,Never had a female head of state,Never had a female head of state,Never had a female head of state,Never had a female head of state,Never had a female head of state,Never had a female head of state,Never had a female head of state,Never had a female head of state,Never had a female head of state,Never had a female head of state,Never had a female head of state,Never had a female head of state,Never had a female head of state,Never had a female head of state,Never had a female head of state,Never had a female head of state,Never had a female head of state,Never had a female head of state,Never had a female head of state,Never had a female head of state,Never had a female head of state,Never had a female head of state,Never had a female head of state,Never had a female head of state,Never had a female head of state,Never had a female head of state,Never had a female head of state,Never had a female head of state,Never had a female head of state,Never had a female head of state,Never had a female head of state,Never had a female head of state,Never had a female head of state,Never had a female head of state,Never had a female head of state,Never had a female head of state,Never had a female head of state,Never had a female head of state,Never had a female head of state,Never had a female head of state,Never had a female head of state,Never had a female head of state,Never had a female head of state,Never had a female head of state,Never had a female head of state,Never had a female head of state,Never had a female head of state,Never had a female head of state,Never had a female head of state,Never had a female head of state,Never had a female head of state,Never had a female head of state,Never had a female head of state,Never had a female head of state,Never had a female head of state,Never had a female head of state
sdn,Sudan,Never had a female head of state,Never had a female head of state,Never had a female head of state,Never had a female head of state,Never had a female head of state,Never had a female head of state,Never had a female head of state,Never had a female head of state,Never had a female head of state,Never had a female head of state,Never had a female head of state,Never had a female head of state,Never had a female head of state,Never had a female head of state,Never had a female head of state,Never had a female head of state,Never had a female head of state,Never had a female head of state,Never had a female head of state,Never had a female head of state,Never had a female head of state,Never had a female head of state,Never had a female head of state,Never had a female head of state,Never had a female head of state,Never had a female head of state,Never had a female head of state,Never had a female head of state,Never had a female head of state,Never had a female head of state,Never had a female head of state,Never had a female head of state,Never had a female head of state,Never had a female head of state,Never had a female head of state,Never had a female head of state,Never had a female head of state,Never had a female head of state,Never had a female head of state,Never had a female head of state,Never had a female head of state,Never had a female head of state,Never had a female head of state,Never had a female head of state,Never had a female head of state,Never had a female head of state,Never had a female head of state,Never had a female head of state,Never had a female head of state,Never had a female head of state,Never had a female head of state,Never had a female head of state,Never had a female head of state,Never had a female head of state,Never had a female head of state,Never had a female head of state,Never had a female head of state,Never had a female head of state,Never had a female head of state,Never had a female head of state,Never had a female head of state,Never had a female head of state,Never had a female head of state,Never had a female head of state,Never had a female head of state,Never had a female head of state,Never had a female head of state,Never had a female head of state,Never had a female head of state
sen,Senegal,Never had a female head of state,Never had a female head of state,Never had a female head of state,Never had a female head of state,Never had a female head of state,Never had a female head of state,Never had a female head of state,Never had a female head of state,Never had a female head of state,Never had a female head of state,Never had a female head of state,Never had a female head of state,Never had a female head of state,Never had a female head of state,Never had a female head of state,Never had a female head of state,Never had a female head of state,Never had a female head of state,Never had a female head of state,Never had a female head of state,Never had a female head of state,Never had a female head of state,Never had a female head of state,Never had a female head of state,Never had a female head of state,Never had a female head of state,Never had a female head of state,Never had a female head of state,Never had a female head of state,Never had a female head of state,Never had a female head of state,Never had a female head of state,Never had a female head of state,Never had a female head of state,Never had a female head of state,Never had a female head of state,Never had a female head of state,Never had a female head of state,Never had a female head of state,Never had a female head of state,Never had a female head of state,Never had a female head of state,Never had a female head of state,Never had a female head of state,Never had a female head of state,Never had a female head of state,Never had a female head of state,Never had a female head of state,Had a female head of state,Had a female head of state,Had a female head of state,Had a female head of state,Had a female head of state,Had a female head of state,Had a female head of state,Had a female head of state,Had a female head of state,Had a female head of state,Had a female head of state,Had a female head of state,Had a female head of state,Had a female head of state,Had a female head of state,Had a female head of state,Had a female head of state,Had a female head of state,Had a female head of state,,
sgp,Singapore,Never had a female head of state,Never had a female head of state,Never had a female head of state,Never had a female head of state,Never had a female head of state,Never had a female head of state,Never had a female head of state,Never had a female head of state,Never had a female head of state,Never had a female head of state,Never had a female head of state,Never had a female head of state,Never had a female head of state,Never had a female head of state,Never had a female head of state,Never had a female head of state,Never had a female head of state,Never had a female head of state,Never had a female head of state,Never had a female head of state,Never had a female head of state,Never had a female head of state,Never had a female head of state,Never had a female head of state,Never had a female head of state,Never had a female head of state,Never had a female head of state,Never had a female head of state,Never had a female head of state,Never had a female head of state,Never had a female head of state,Never had a female head of state,Never had a female head of state,Never had a female head of state,Never had a female head of state,Never had a female head of state,Never had a female head of state,Never had a female head of state,Never had a female head of state,Never had a female head of state,Never had a female head of state,Never had a female head of state,Never had a female head of state,Never had a female head of state,Never had a female head of state,Never had a female head of state,Never had a female head of state,Never had a female head of state,Never had a female head of state,Never had a female head of state,Never had a female head of state,Never had a female head of state,Never had a female head of state,Never had a female head of state,Never had a female head of state,Never had a female head of state,Never had a female head of state,Never had a female head of state,Never had a female head of state,Never had a female head of state,Never had a female head of state,Never had a female head of state,Never had a female head of state,Never had a female head of state,Had a female head of state,Had a female head of state,Had a female head of state,,
slb,Solomon Islands,Never had a female head of state,Never had a female head of state,Never had a female head of state,Never had a female head of state,Never had a female head of state,Never had a female head of state,Never had a female head of state,Never had a female head of state,Never had a female head of state,Never had a female head of state,Never had a female head of state,Never had a female head of state,Never had a female head of state,Never had a female head of state,Never had a female head of state,Never had a female head of state,Never had a female head of state,Never had a female head of state,Never had a female head of state,Never had a female head of state,Never had a female head of state,Never had a female head of state,Never had a female head of state,Never had a female head of state,Never had a female head of state,Never had a female head of state,Never had a female head of state,Never had a female head of state,Never had a female head of state,Never had a female head of state,Never had a female head of state,Never had a female head of state,Never had a female head of state,Never had a female head of state,Never had a female head of state,Never had a female head of state,Never had a female head of state,Never had a female head of state,Never had a female head of state,Never had a female head of state,Never had a female head of state,Never had a female head of state,Never had a female head of state,Never had a female head of state,Never had a female head of state,Never had a female head of state,Never had a female head of state,Never had a female head of state,Never had a female head of state,Never had a female head of state,Never had a female head of state,Never had a female head of state,Never had a female head of state,Never had a female head of state,Never had a female head of state,Never had a female head of state,Never had a female head of state,Never had a female head of state,Never had a female head of state,Never had a female head of state,Never had a female head of state,Never had a female head of state,Never had a female head of state,Never had a female head of state,Never had a female head of state,Never had a female head of state,Never had a female head of state,Never had a female head of state,Never had a female head of state
sle,Sierra Leone,Never had a female head of state,Never had a female head of state,Never had a female head of state,Never had a female head of state,Never had a female head of state,Never had a female head of state,Never had a female head of state,Never had a female head of state,Never had a female head of state,Never had a female head of state,Never had a female head of state,Never had a female head of state,Never had a female head of state,Never had a female head of state,Never had a female head of state,Never had a female head of state,Never had a female head of state,Never had a female head of state,Never had a female head of state,Never had a female head of state,Never had a female head of state,Never had a female head of state,Never had a female head of state,Never had a female head of state,Never had a female head of state,Never had a female head of state,Never had a female head of state,Never had a female head of state,Never had a female head of state,Never had a female head of state,Never had a female head of state,Never had a female head of state,Never had a female head of state,Never had a female head of state,Never had a female head of state,Never had a female head of state,Never had a female head of state,Never had a female head of state,Never had a female head of state,Never had a female head of state,Never had a female head of state,Never had a female head of state,Never had a female head of state,Never had a female head of state,Never had a female head of state,Never had a female head of state,Never had a female head of state,Never had a female head of state,Never had a female head of state,Never had a female head of state,Never had a female head of state,Never had a female head of state,Never had a female head of state,Never had a female head of state,Never had a female head of state,Never had a female head of state,Never had a female head of state,Never had a female head of state,Never had a female head of state,Never had a female head of state,Never had a female head of state,Never had a female head of state,Never had a female head of state,Never had a female head of state,Never had a female head of state,Never had a female head of state,Never had a female head of state,Never had a female head of state,Never had a female head of state
slv,El Salvador,Never had a female head of state,Never had a female head of state,Never had a female head of state,Never had a female head of state,Never had a female head of state,Never had a female head of state,Never had a female head of state,Never had a female head of state,Never had a female head of state,Never had a female head of state,Never had a female head of state,Never had a female head of state,Never had a female head of state,Never had a female head of state,Never had a female head of state,Never had a female head of state,Never had a female head of state,Never had a female head of state,Never had a female head of state,Never had a female head of state,Never had a female head of state,Never had a female head of state,Never had a female head of state,Never had a female head of state,Never had a female head of state,Never had a female head of state,Never had a female head of state,Never had a female head of state,Never had a female head of state,Never had a female head of state,Never had a female head of state,Never had a female head of state,Never had a female head of state,Never had a female head of state,Never had a female head of state,Never had a female head of state,Never had a female head of state,Never had a female head of state,Never had a female head of state,Never had a female head of state,Never had a female head of state,Never had a female head of state,Never had a female head of state,Never had a female head of state,Never had a female head of state,Never had a female head of state,Never had a female head of state,Never had a female head of state,Never had a female head of state,Never had a female head of state,Never had a female head of state,Never had a female head of state,Never had a female head of state,Never had a female head of state,Never had a female head of state,Never had a female head of state,Never had a female head of state,Never had a female head of state,Never had a female head of state,Never had a female head of state,Never had a female head of state,Never had a female head of state,Never had a female head of state,Never had a female head of state,Never had a female head of state,Never had a female head of state,Never had a female head of state,Never had a female head of state,Never had a female head of state
smr,San Marino,Never had a female head of state,Never had a female head of state,Never had a female head of state,Never had a female head of state,Never had a female head of state,Never had a female head of state,Never had a female head of state,Never had a female head of state,Never had a female head of state,Never had a female head of state,Never had a female head of state,Never had a female head of state,Never had a female head of state,Never had a female head of state,Never had a female head of state,Never had a female head of state,Never had a female head of state,Never had a female head of state,Never had a female head of state,Never had a female head of state,Never had a female head of state,Never had a female head of state,Never had a female head of state,Never had a female head of state,Never had a female head of state,Never had a female head of state,Never had a female head of state,Never had a female head of state,Never had a female head of state,Never had a female head of state,Never had a female head of state,Never had a female head of state,Never had a female head of state,Never had a female head of state,Never had a female head of state,Never had a female head of state,Never had a female head of state,Never had a female head of state,Never had a female head of state,Never had a female head of state,Never had a female head of state,Never had a female head of state,Never had a female head of state,Never had a female head of state,Never had a female head of state,Never had a female head of state,Never had a female head of state,Never had a female head of state,Never had a female head of state,Never had a female head of state,Never had a female head of state,Never had a female head of state,Never had a female head of state,Never had a female head of state,Never had a female head of state,Never had a female head of state,Never had a female head of state,Never had a female head of state,Never had a female head of state,Never had a female head of state,Never had a female head of state,Never had a female head of state,Never had a female head of state,Never had a female head of state,Never had a female head of state,Never had a female head of state,Never had a female head of state,Never had a female head of state,Never had a female head of state
som,Somalia,Never had a female head of state,Never had a female head of state,Never had a female head of state,Never had a female head of state,Never had a female head of state,Never had a female head of state,Never had a female head of state,Never had a female head of state,Never had a female head of state,Never had a female head of state,Never had a female head of state,Never had a female head of state,Never had a female head of state,Never had a female head of state,Never had a female head of state,Never had a female head of state,Never had a female head of state,Never had a female head of state,Never had a female head of state,Never had a female head of state,Never had a female head of state,Never had a female head of state,Never had a female head of state,Never had a female head of state,Never had a female head of state,Never had a female head of state,Never had a female head of state,Never had a female head of state,Never had a female head of state,Never had a female head of state,Never had a female head of state,Never had a female head of state,Never had a female head of state,Never had a female head of state,Never had a female head of state,Never had a female head of state,Never had a female head of state,Never had a female head of state,Never had a female head of state,Never had a female head of state,Never had a female head of state,Never had a female head of state,Never had a female head of state,Never had a female head of state,Never had a female head of state,Never had a female head of state,Never had a female head of state,Never had a female head of state,Never had a female head of state,Never had a female head of state,Never had a female head of state,Never had a female head of state,Never had a female head of state,Never had a female head of state,Never had a female head of state,Never had a female head of state,Never had a female head of state,Never had a female head of state,Never had a female head of state,Never had a female head of state,Never had a female head of state,Never had a female head of state,Never had a female head of state,Never had a female head of state,Never had a female head of state,Never had a female head of state,Never had a female head of state,Never had a female head of state,Never had a female head of state
srb,Serbia,Never had a female head of state,Never had a female head of state,Never had a female head of state,Never had a female head of state,Never had a female head of state,Never had a female head of state,Never had a female head of state,Never had a female head of state,Never had a female head of state,Never had a female head of state,Never had a female head of state,Never had a female head of state,Never had a female head of state,Never had a female head of state,Never had a female head of state,Never had a female head of state,Never had a female head of state,Never had a female head of state,Never had a female head of state,Never had a female head of state,Never had a female head of state,Never had a female head of state,Never had a female head of state,Never had a female head of state,Never had a female head of state,Never had a female head of state,Never had a female head of state,Never had a female head of state,Never had a female head of state,Never had a female head of state,Never had a female head of state,Never had a female head of state,Never had a female head of state,Never had a female head of state,Never had a female head of state,Never had a female head of state,Never had a female head of state,Never had a female head of state,Never had a female head of state,Never had a female head of state,Never had a female head of state,Never had a female head of state,Never had a female head of state,Never had a female head of state,Never had a female head of state,Never had a female head of state,Never had a female head of state,Never had a female head of state,Never had a female head of state,Never had a female head of state,Never had a female head of state,Never had a female head of state,Never had a female head of state,Never had a female head of state,Never had a female head of state,Never had a female head of state,Never had a female head of state,Never had a female head of state,Never had a female head of state,Had a female head of state,Had a female head of state,Had a female head of state,Had a female head of state,Had a female head of state,Had a female head of state,Had a female head of state,Had a female head of state,,
ssd,South Sudan,Never had a female head of state,Never had a female head of state,Never had a female head of state,Never had a female head of state,Never had a female head of state,Never had a female head of state,Never had a female head of state,Never had a female head of state,Never had a female head of state,Never had a female head of state,Never had a female head of state,Never had a female head of state,Never had a female head of state,Never had a female head of state,Never had a female head of state,Never had a female head of state,Never had a female head of state,Never had a female head of state,Never had a female head of state,Never had a female head of state,Never had a female head of state,Never had a female head of state,Never had a female head of state,Never had a female head of state,Never had a female head of state,Never had a female head of state,Never had a female head of state,Never had a female head of state,Never had a female head of state,Never had a female head of state,Never had a female head of state,Never had a female head of state,Never had a female head of state,Never had a female head of state,Never had a female head of state,Never had a female head of state,Never had a female head of state,Never had a female head of state,Never had a female head of state,Never had a female head of state,Never had a female head of state,Never had a female head of state,Never had a female head of state,Never had a female head of state,Never had a female head of state,Never had a female head of state,Never had a female head of state,Never had a female head of state,Never had a female head of state,Never had a female head of state,Never had a female head of state,Never had a female head of state,Never had a female head of state,Never had a female head of state,Never had a female head of state,Never had a female head of state,Never had a female head of state,Never had a female head of state,Never had a female head of state,Never had a female head of state,Never had a female head of state,Never had a female head of state,Never had a female head of state,Never had a female head of state,Never had a female head of state,Never had a female head of state,Never had a female head of state,Never had a female head of state,Never had a female head of state
stp,Sao Tome and Principe,Never had a female head of state,Never had a female head of state,Never had a female head of state,Never had a female head of state,Never had a female head of state,Never had a female head of state,Never had a female head of state,Never had a female head of state,Never had a female head of state,Never had a female head of state,Never had a female head of state,Never had a female head of state,Never had a female head of state,Never had a female head of state,Never had a female head of state,Never had a female head of state,Never had a female head of state,Never had a female head of state,Never had a female head of state,Never had a female head of state,Never had a female head of state,Never had a female head of state,Never had a female head of state,Never had a female head of state,Never had a female head of state,Never had a female head of state,Never had a female head of state,Never had a female head of state,Never had a female head of state,Never had a female head of state,Never had a female head of state,Never had a female head of state,Never had a female head of state,Never had a female head of state,Never had a female head of state,Never had a female head of state,Never had a female head of state,Never had a female head of state,Never had a female head of state,Never had a female head of state,Never had a female head of state,Never had a female head of state,Never had a female head of state,Never had a female head of state,Never had a female head of state,Never had a female head of state,Never had a female head of state,Never had a female head of state,Never had a female head of state,Had a female head of state,Had a female head of state,Had a female head of state,Had a female head of state,Had a female head of state,Had a female head of state,Had a female head of state,Had a female head of state,Had a female head of state,Had a female head of state,Had a female head of state,Had a female head of state,Had a female head of state,Had a female head of state,Had a female head of state,Had a female head of state,Had a female head of state,Had a female head of state,,
sur,Suriname,Never had a female head of state,Never had a female head of state,Never had a female head of state,Never had a female head of state,Never had a female head of state,Never had a female head of state,Never had a female head of state,Never had a female head of state,Never had a female head of state,Never had a female head of state,Never had a female head of state,Never had a female head of state,Never had a female head of state,Never had a female head of state,Never had a female head of state,Never had a female head of state,Never had a female head of state,Never had a female head of state,Never had a female head of state,Never had a female head of state,Never had a female head of state,Never had a female head of state,Never had a female head of state,Never had a female head of state,Never had a female head of state,Never had a female head of state,Never had a female head of state,Never had a female head of state,Never had a female head of state,Never had a female head of state,Never had a female head of state,Never had a female head of state,Never had a female head of state,Never had a female head of state,Never had a female head of state,Never had a female head of state,Never had a female head of state,Never had a female head of state,Never had a female head of state,Never had a female head of state,Never had a female head of state,Never had a female head of state,Never had a female head of state,Never had a female head of state,Never had a female head of state,Never had a female head of state,Never had a female head of state,Never had a female head of state,Never had a female head of state,Never had a female head of state,Never had a female head of state,Never had a female head of state,Never had a female head of state,Never had a female head of state,Never had a female head of state,Never had a female head of state,Never had a female head of state,Never had a female head of state,Never had a female head of state,Never had a female head of state,Never had a female head of state,Never had a female head of state,Never had a female head of state,Never had a female head of state,Never had a female head of state,Never had a female head of state,Never had a female head of state,Never had a female head of state,Never had a female head of state
svk,Slovak Republic,Never had a female head of state,Never had a female head of state,Never had a female head of state,Never had a female head of state,Never had a female head of state,Never had a female head of state,Never had a female head of state,Never had a female head of state,Never had a female head of state,Never had a female head of state,Never had a female head of state,Never had a female head of state,Never had a female head of state,Never had a female head of state,Never had a female head of state,Never had a female head of state,Never had a female head of state,Never had a female head of state,Never had a female head of state,Never had a female head of state,Never had a female head of state,Never had a female head of state,Never had a female head of state,Never had a female head of state,Never had a female head of state,Never had a female head of state,Never had a female head of state,Never had a female head of state,Never had a female head of state,Never had a female head of state,Never had a female head of state,Never had a female head of state,Never had a female head of state,Never had a female head of state,Never had a female head of state,Never had a female head of state,Never had a female head of state,Never had a female head of state,Never had a female head of state,Never had a female head of state,Never had a female head of state,Never had a female head of state,Never had a female head of state,Never had a female head of state,Never had a female head of state,Never had a female head of state,Never had a female head of state,Never had a female head of state,Never had a female head of state,Never had a female head of state,Never had a female head of state,Never had a female head of state,Never had a female head of state,Never had a female head of state,Never had a female head of state,Never had a female head of state,Never had a female head of state,Had a female head of state,Had a female head of state,Had a female head of state,Had a female head of state,Had a female head of state,Had a female head of state,Had a female head of state,Had a female head of state,Had a female head of state,Had a female head of state,,
svn,Slovenia,Never had a female head of state,Never had a female head of state,Never had a female head of state,Never had a female head of state,Never had a female head of state,Never had a female head of state,Never had a female head of state,Never had a female head of state,Never had a female head of state,Never had a female head of state,Never had a female head of state,Never had a female head of state,Never had a female head of state,Never had a female head of state,Never had a female head of state,Never had a female head of state,Never had a female head of state,Never had a female head of state,Never had a female head of state,Never had a female head of state,Never had a female head of state,Never had a female head of state,Never had a female head of state,Never had a female head of state,Never had a female head of state,Never had a female head of state,Never had a female head of state,Never had a female head of state,Never had a female head of state,Never had a female head of state,Never had a female head of state,Never had a female head of state,Never had a female head of state,Never had a female head of state,Never had a female head of state,Never had a female head of state,Never had a female head of state,Never had a female head of state,Never had a female head of state,Never had a female head of state,Never had a female head of state,Never had a female head of state,Never had a female head of state,Never had a female head of state,Never had a female head of state,Never had a female head of state,Never had a female head of state,Never had a female head of state,Never had a female head of state,Never had a female head of state,Never had a female head of state,Never had a female head of state,Never had a female head of state,Never had a female head of state,Never had a female head of state,Never had a female head of state,Never had a female head of state,Never had a female head of state,Never had a female head of state,Never had a female head of state,Had a female head of state,Had a female head of state,Had a female head of state,Had a female head of state,Had a female head of state,Had a female head of state,Had a female head of state,,
swe,Sweden,Never had a female head of state,Never had a female head of state,Never had a female head of state,Never had a female head of state,Never had a female head of state,Never had a female head of state,Never had a female head of state,Never had a female head of state,Never had a female head of state,Never had a female head of state,Never had a female head of state,Never had a female head of state,Never had a female head of state,Never had a female head of state,Never had a female head of state,Never had a female head of state,Never had a female head of state,Never had a female head of state,Never had a female head of state,Never had a female head of state,Never had a female head of state,Never had a female head of state,Never had a female head of state,Never had a female head of state,Never had a female head of state,Never had a female head of state,Never had a female head of state,Never had a female head of state,Never had a female head of state,Never had a female head of state,Never had a female head of state,Never had a female head of state,Never had a female head of state,Never had a female head of state,Never had a female head of state,Never had a female head of state,Never had a female head of state,Never had a female head of state,Never had a female head of state,Never had a female head of state,Never had a female head of state,Never had a female head of state,Never had a female head of state,Never had a female head of state,Never had a female head of state,Never had a female head of state,Never had a female head of state,Never had a female head of state,Never had a female head of state,Never had a female head of state,Never had a female head of state,Never had a female head of state,Never had a female head of state,Never had a female head of state,Never had a female head of state,Never had a female head of state,Never had a female head of state,Never had a female head of state,Never had a female head of state,Never had a female head of state,Never had a female head of state,Never had a female head of state,Never had a female head of state,Never had a female head of state,Never had a female head of state,Never had a female head of state,Never had a female head of state,Never had a female head of state,Never had a female head of state
swz,Eswatini,Never had a female head of state,Never had a female head of state,Never had a female head of state,Never had a female head of state,Never had a female head of state,Never had a female head of state,Never had a female head of state,Never had a female head of state,Never had a female head of state,Never had a female head of state,Never had a female head of state,Never had a female head of state,Never had a female head of state,Never had a female head of state,Never had a female head of state,Never had a female head of state,Never had a female head of state,Never had a female head of state,Never had a female head of state,Never had a female head of state,Never had a female head of state,Never had a female head of state,Never had a female head of state,Never had a female head of state,Never had a female head of state,Never had a female head of state,Never had a female head of state,Never had a female head of state,Never had a female head of state,Never had a female head of state,Never had a female head of state,Never had a female head of state,Never had a female head of state,Never had a female head of state,Never had a female head of state,Never had a female head of state,Never had a female head of state,Never had a female head of state,Never had a female head of state,Never had a female head of state,Never had a female head of state,Never had a female head of state,Never had a female head of state,Never had a female head of state,Never had a female head of state,Never had a female head of state,Never had a female head of state,Never had a female head of state,Never had a female head of state,Never had a female head of state,Never had a female head of state,Never had a female head of state,Never had a female head of state,Never had a female head of state,Never had a female head of state,Never had a female head of state,Never had a female head of state,Never had a female head of state,Never had a female head of state,Never had a female head of state,Never had a female head of state,Never had a female head of state,Never had a female head of state,Never had a female head of state,Never had a female head of state,Never had a female head of state,Never had a female head of state,Never had a female head of state,Never had a female head of state
syc,Seychelles,Never had a female head of state,Never had a female head of state,Never had a female head of state,Never had a female head of state,Never had a female head of state,Never had a female head of state,Never had a female head of state,Never had a female head of state,Never had a female head of state,Never had a female head of state,Never had a female head of state,Never had a female head of state,Never had a female head of state,Never had a female head of state,Never had a female head of state,Never had a female head of state,Never had a female head of state,Never had a female head of state,Never had a female head of state,Never had a female head of state,Never had a female head of state,Never had a female head of state,Never had a female head of state,Never had a female head of state,Never had a female head of state,Never had a female head of state,Never had a female head of state,Never had a female head of state,Never had a female head of state,Never had a female head of state,Never had a female head of state,Never had a female head of state,Never had a female head of state,Never had a female head of state,Never had a female head of state,Never had a female head of state,Never had a female head of state,Never had a female head of state,Never had a female head of state,Never had a female head of state,Never had a female head of state,Never had a female head of state,Never had a female head of state,Never had a female head of state,Never had a female head of state,Never had a female head of state,Never had a female head of state,Never had a female head of state,Never had a female head of state,Never had a female head of state,Never had a female head of state,Never had a female head of state,Never had a female head of state,Never had a female head of state,Never had a female head of state,Never had a female head of state,Never had a female head of state,Never had a female head of state,Never had a female head of state,Never had a female head of state,Never had a female head of state,Never had a female head of state,Never had a female head of state,Never had a female head of state,Never had a female head of state,Never had a female head of state,Never had a female head of state,Never had a female head of state,Never had a female head of state
syr,Syria,Never had a female head of state,Never had a female head of state,Never had a female head of state,Never had a female head of state,Never had a female head of state,Never had a female head of state,Never had a female head of state,Never had a female head of state,Never had a female head of state,Never had a female head of state,Never had a female head of state,Never had a female head of state,Never had a female head of state,Never had a female head of state,Never had a female head of state,Never had a female head of state,Never had a female head of state,Never had a female head of state,Never had a female head of state,Never had a female head of state,Never had a female head of state,Never had a female head of state,Never had a female head of state,Never had a female head of state,Never had a female head of state,Never had a female head of state,Never had a female head of state,Never had a female head of state,Never had a female head of state,Never had a female head of state,Never had a female head of state,Never had a female head of state,Never had a female head of state,Never had a female head of state,Never had a female head of state,Never had a female head of state,Never had a female head of state,Never had a female head of state,Never had a female head of state,Never had a female head of state,Never had a female head of state,Never had a female head of state,Never had a female head of state,Never had a female head of state,Never had a female head of state,Never had a female head of state,Never had a female head of state,Never had a female head of state,Never had a female head of state,Never had a female head of state,Never had a female head of state,Never had a female head of state,Never had a female head of state,Never had a female head of state,Never had a female head of state,Never had a female head of state,Never had a female head of state,Never had a female head of state,Never had a female head of state,Never had a female head of state,Never had a female head of state,Never had a female head of state,Never had a female head of state,Never had a female head of state,Never had a female head of state,Never had a female head of state,Never had a female head of state,Never had a female head of state,Never had a female head of state
tcd,Chad,Never had a female head of state,Never had a female head of state,Never had a female head of state,Never had a female head of state,Never had a female head of state,Never had a female head of state,Never had a female head of state,Never had a female head of state,Never had a female head of state,Never had a female head of state,Never had a female head of state,Never had a female head of state,Never had a female head of state,Never had a female head of state,Never had a female head of state,Never had a female head of state,Never had a female head of state,Never had a female head of state,Never had a female head of state,Never had a female head of state,Never had a female head of state,Never had a female head of state,Never had a female head of state,Never had a female head of state,Never had a female head of state,Never had a female head of state,Never had a female head of state,Never had a female head of state,Never had a female head of state,Never had a female head of state,Never had a female head of state,Never had a female head of state,Never had a female head of state,Never had a female head of state,Never had a female head of state,Never had a female head of state,Never had a female head of state,Never had a female head of state,Never had a female head of state,Never had a female head of state,Never had a female head of state,Never had a female head of state,Never had a female head of state,Never had a female head of state,Never had a female head of state,Never had a female head of state,Never had a female head of state,Never had a female head of state,Never had a female head of state,Never had a female head of state,Never had a female head of state,Never had a female head of state,Never had a female head of state,Never had a female head of state,Never had a female head of state,Never had a female head of state,Never had a female head of state,Never had a female head of state,Never had a female head of state,Never had a female head of state,Never had a female head of state,Never had a female head of state,Never had a female head of state,Never had a female head of state,Never had a female head of state,Never had a female head of state,Never had a female head of state,Never had a female head of state,Never had a female head of state
tgo,Togo,Never had a female head of state,Never had a female head of state,Never had a female head of state,Never had a female head of state,Never had a female head of state,Never had a female head of state,Never had a female head of state,Never had a female head of state,Never had a female head of state,Never had a female head of state,Never had a female head of state,Never had a female head of state,Never had a female head of state,Never had a female head of state,Never had a female head of state,Never had a female head of state,Never had a female head of state,Never had a female head of state,Never had a female head of state,Never had a female head of state,Never had a female head of state,Never had a female head of state,Never had a female head of state,Never had a female head of state,Never had a female head of state,Never had a female head of state,Never had a female head of state,Never had a female head of state,Never had a female head of state,Never had a female head of state,Never had a female head of state,Never had a female head of state,Never had a female head of state,Never had a female head of state,Never had a female head of state,Never had a female head of state,Never had a female head of state,Never had a female head of state,Never had a female head of state,Never had a female head of state,Never had a female head of state,Never had a female head of state,Never had a female head of state,Never had a female head of state,Never had a female head of state,Never had a female head of state,Never had a female head of state,Never had a female head of state,Never had a female head of state,Never had a female head of state,Never had a female head of state,Never had a female head of state,Never had a female head of state,Never had a female head of state,Never had a female head of state,Never had a female head of state,Never had a female head of state,Never had a female head of state,Never had a female head of state,Never had a female head of state,Never had a female head of state,Never had a female head of state,Never had a female head of state,Never had a female head of state,Never had a female head of state,Never had a female head of state,Never had a female head of state,Had a female head of state,
tha,Thailand,Never had a female head of state,Never had a female head of state,Never had a female head of state,Never had a female head of state,Never had a female head of state,Never had a female head of state,Never had a female head of state,Never had a female head of state,Never had a female head of state,Never had a female head of state,Never had a female head of state,Never had a female head of state,Never had a female head of state,Never had a female head of state,Never had a female head of state,Never had a female head of state,Never had a female head of state,Never had a female head of state,Never had a female head of state,Never had a female head of state,Never had a female head of state,Never had a female head of state,Never had a female head of state,Never had a female head of state,Never had a female head of state,Never had a female head of state,Never had a female head of state,Never had a female head of state,Never had a female head of state,Never had a female head of state,Never had a female head of state,Never had a female head of state,Never had a female head of state,Never had a female head of state,Never had a female head of state,Never had a female head of state,Never had a female head of state,Never had a female head of state,Never had a female head of state,Never had a female head of state,Never had a female head of state,Never had a female head of state,Never had a female head of state,Never had a female head of state,Never had a female head of state,Never had a female head of state,Never had a female head of state,Never had a female head of state,Never had a female head of state,Never had a female head of state,Never had a female head of state,Never had a female head of state,Never had a female head of state,Never had a female head of state,Never had a female head of state,Never had a female head of state,Never had a female head of state,Never had a female head of state,Had a female head of state,Had a female head of state,Had a female head of state,Had a female head of state,Had a female head of state,Had a female head of state,Had a female head of state,Had a female head of state,Had a female head of state,,
tjk,Tajikistan,Never had a female head of state,Never had a female head of state,Never had a female head of state,Never had a female head of state,Never had a female head of state,Never had a female head of state,Never had a female head of state,Never had a female head of state,Never had a female head of state,Never had a female head of state,Never had a female head of state,Never had a female head of state,Never had a female head of state,Never had a female head of state,Never had a female head of state,Never had a female head of state,Never had a female head of state,Never had a female head of state,Never had a female head of state,Never had a female head of state,Never had a female head of state,Never had a female head of state,Never had a female head of state,Never had a female head of state,Never had a female head of state,Never had a female head of state,Never had a female head of state,Never had a female head of state,Never had a female head of state,Never had a female head of state,Never had a female head of state,Never had a female head of state,Never had a female head of state,Never had a female head of state,Never had a female head of state,Never had a female head of state,Never had a female head of state,Never had a female head of state,Never had a female head of state,Never had a female head of state,Never had a female head of state,Never had a female head of state,Never had a female head of state,Never had a female head of state,Never had a female head of state,Never had a female head of state,Never had a female head of state,Never had a female head of state,Never had a female head of state,Never had a female head of state,Never had a female head of state,Never had a female head of state,Never had a female head of state,Never had a female head of state,Never had a female head of state,Never had a female head of state,Never had a female head of state,Never had a female head of state,Never had a female head of state,Never had a female head of state,Never had a female head of state,Never had a female head of state,Never had a female head of state,Never had a female head of state,Never had a female head of state,Never had a female head of state,Never had a female head of state,Never had a female head of state,Never had a female head of state
tkm,Turkmenistan,Never had a female head of state,Never had a female head of state,Never had a female head of state,Never had a female head of state,Never had a female head of state,Never had a female head of state,Never had a female head of state,Never had a female head of state,Never had a female head of state,Never had a female head of state,Never had a female head of state,Never had a female head of state,Never had a female head of state,Never had a female head of state,Never had a female head of state,Never had a female head of state,Never had a female head of state,Never had a female head of state,Never had a female head of state,Never had a female head of state,Never had a female head of state,Never had a female head of state,Never had a female head of state,Never had a female head of state,Never had a female head of state,Never had a female head of state,Never had a female head of state,Never had a female head of state,Never had a female head of state,Never had a female head of state,Never had a female head of state,Never had a female head of state,Never had a female head of state,Never had a female head of state,Never had a female head of state,Never had a female head of state,Never had a female head of state,Never had a female head of state,Never had a female head of state,Never had a female head of state,Never had a female head of state,Never had a female head of state,Never had a female head of state,Never had a female head of state,Never had a female head of state,Never had a female head of state,Never had a female head of state,Never had a female head of state,Never had a female head of state,Never had a female head of state,Never had a female head of state,Never had a female head of state,Never had a female head of state,Never had a female head of state,Never had a female head of state,Never had a female head of state,Never had a female head of state,Never had a female head of state,Never had a female head of state,Never had a female head of state,Never had a female head of state,Never had a female head of state,Never had a female head of state,Never had a female head of state,Never had a female head of state,Never had a female head of state,Never had a female head of state,Never had a female head of state,Never had a female head of state
tls,Timor-Leste,Never had a female head of state,Never had a female head of state,Never had a female head of state,Never had a female head of state,Never had a female head of state,Never had a female head of state,Never had a female head of state,Never had a female head of state,Never had a female head of state,Never had a female head of state,Never had a female head of state,Never had a female head of state,Never had a female head of state,Never had a female head of state,Never had a female head of state,Never had a female head of state,Never had a female head of state,Never had a female head of state,Never had a female head of state,Never had a female head of state,Never had a female head of state,Never had a female head of state,Never had a female head of state,Never had a female head of state,Never had a female head of state,Never had a female head of state,Never had a female head of state,Never had a female head of state,Never had a female head of state,Never had a female head of state,Never had a female head of state,Never had a female head of state,Never had a female head of state,Never had a female head of state,Never had a female head of state,Never had a female head of state,Never had a female head of state,Never had a female head of state,Never had a female head of state,Never had a female head of state,Never had a female head of state,Never had a female head of state,Never had a female head of state,Never had a female head of state,Never had a female head of state,Never had a female head of state,Never had a female head of state,Never had a female head of state,Never had a female head of state,Never had a female head of state,Never had a female head of state,Never had a female head of state,Never had a female head of state,Never had a female head of state,Never had a female head of state,Never had a female head of state,Never had a female head of state,Never had a female head of state,Never had a female head of state,Never had a female head of state,Never had a female head of state,Never had a female head of state,Never had a female head of state,Never had a female head of state,Never had a female head of state,Never had a female head of state,Never had a female head of state,Never had a female head of state,Never had a female head of state
ton,Tonga,Never had a female head of state,Never had a female head of state,Never had a female head of state,Never had a female head of state,Never had a female head of state,Never had a female head of state,Never had a female head of state,Never had a female head of state,Never had a female head of state,Never had a female head of state,Never had a female head of state,Never had a female head of state,Never had a female head of state,Never had a female head of state,Never had a female head of state,Never had a female head of state,Never had a female head of state,Never had a female head of state,Never had a female head of state,Never had a female head of state,Never had a female head of state,Never had a female head of state,Never had a female head of state,Never had a female head of state,Never had a female head of state,Never had a female head of state,Never had a female head of state,Never had a female head of state,Never had a female head of state,Never had a female head of state,Never had a female head of state,Never had a female head of state,Never had a female head of state,Never had a female head of state,Never had a female head of state,Never had a female head of state,Never had a female head of state,Never had a female head of state,Never had a female head of state,Never had a female head of state,Never had a female head of state,Never had a female head of state,Never had a female head of state,Never had a female head of state,Never had a female head of state,Never had a female head of state,Never had a female head of state,Never had a female head of state,Never had a female head of state,Never had a female head of state,Never had a female head of state,Never had a female head of state,Never had a female head of state,Never had a female head of state,Never had a female head of state,Never had a female head of state,Never had a female head of state,Never had a female head of state,Never had a female head of state,Never had a female head of state,Never had a female head of state,Never had a female head of state,Never had a female head of state,Never had a female head of state,Never had a female head of state,Never had a female head of state,Never had a female head of state,Never had a female head of state,Never had a female head of state
tto,Trinidad and Tobago,Never had a female head of state,Never had a female head of state,Never had a female head of state,Never had a female head of state,Never had a female head of state,Never had a female head of state,Never had a female head of state,Never had a female head of state,Never had a female head of state,Never had a female head of state,Never had a female head of state,Never had a female head of state,Never had a female head of state,Never had a female head of state,Never had a female head of state,Never had a female head of state,Never had a female head of state,Never had a female head of state,Never had a female head of state,Never had a female head of state,Never had a female head of state,Never had a female head of state,Never had a female head of state,Never had a female head of state,Never had a female head of state,Never had a female head of state,Never had a female head of state,Never had a female head of state,Never had a female head of state,Never had a female head of state,Never had a female head of state,Never had a female head of state,Never had a female head of state,Never had a female head of state,Never had a female head of state,Never had a female head of state,Never had a female head of state,Never had a female head of state,Never had a female head of state,Never had a female head of state,Never had a female head of state,Never had a female head of state,Never had a female head of state,Never had a female head of state,Never had a female head of state,Never had a female head of state,Never had a female head of state,Never had a female head of state,Never had a female head of state,Never had a female head of state,Never had a female head of state,Never had a female head of state,Never had a female head of state,Never had a female head of state,Never had a female head of state,Never had a female head of state,Never had a female head of state,Had a female head of state,Had a female head of state,Had a female head of state,Had a female head of state,Had a female head of state,Had a female head of state,Had a female head of state,Had a female head of state,Had a female head of state,Had a female head of state,,
tun,Tunisia,Never had a female head of state,Never had a female head of state,Never had a female head of state,Never had a female head of state,Never had a female head of state,Never had a female head of state,Never had a female head of state,Never had a female head of state,Never had a female head of state,Never had a female head of state,Never had a female head of state,Never had a female head of state,Never had a female head of state,Never had a female head of state,Never had a female head of state,Never had a female head of state,Never had a female head of state,Never had a female head of state,Never had a female head of state,Never had a female head of state,Never had a female head of state,Never had a female head of state,Never had a female head of state,Never had a female head of state,Never had a female head of state,Never had a female head of state,Never had a female head of state,Never had a female head of state,Never had a female head of state,Never had a female head of state,Never had a female head of state,Never had a female head of state,Never had a female head of state,Never had a female head of state,Never had a female head of state,Never had a female head of state,Never had a female head of state,Never had a female head of state,Never had a female head of state,Never had a female head of state,Never had a female head of state,Never had a female head of state,Never had a female head of state,Never had a female head of state,Never had a female head of state,Never had a female head of state,Never had a female head of state,Never had a female head of state,Never had a female head of state,Never had a female head of state,Never had a female head of state,Never had a female head of state,Never had a female head of state,Never had a female head of state,Never had a female head of state,Never had a female head of state,Never had a female head of state,Never had a female head of state,Never had a female head of state,Never had a female head of state,Never had a female head of state,Never had a female head of state,Never had a female head of state,Never had a female head of state,Never had a female head of state,Never had a female head of state,Never had a female head of state,Never had a female head of state,Never had a female head of state
tur,Turkey,Never had a female head of state,Never had a female head of state,Never had a female head of state,Never had a female head of state,Never had a female head of state,Never had a female head of state,Never had a female head of state,Never had a female head of state,Never had a female head of state,Never had a female head of state,Never had a female head of state,Never had a female head of state,Never had a female head of state,Never had a female head of state,Never had a female head of state,Never had a female head of state,Never had a female head of state,Never had a female head of state,Never had a female head of state,Never had a female head of state,Never had a female head of state,Never had a female head of state,Never had a female head of state,Never had a female head of state,Never had a female head of state,Never had a female head of state,Never had a female head of state,Never had a female head of state,Never had a female head of state,Never had a female head of state,Never had a female head of state,Never had a female head of state,Never had a female head of state,Never had a female head of state,Never had a female head of state,Never had a female head of state,Never had a female head of state,Never had a female head of state,Never had a female head of state,Never had a female head of state,Had a female head of state,Had a female head of state,Had a female head of state,Had a female head of state,Had a female head of state,Had a female head of state,Had a female head of state,Had a female head of state,Had a female head of state,Had a female head of state,Had a female head of state,Had a female head of state,Had a female head of state,Had a female head of state,Had a female head of state,Had a female head of state,Had a female head of state,Had a female head of state,Had a female head of state,Had a female head of state,Had a female head of state,Had a female head of state,Had a female head of state,Had a female head of state,Had a female head of state,Had a female head of state,Had a female head of state,,
tuv,Tuvalu,Never had a female head of state,Never had a female head of state,Never had a female head of state,Never had a female head of state,Never had a female head of state,Never had a female head of state,Never had a female head of state,Never had a female head of state,Never had a female head of state,Never had a female head of state,Never had a female head of state,Never had a female head of state,Never had a female head of state,Never had a female head of state,Never had a female head of state,Never had a female head of state,Never had a female head of state,Never had a female head of state,Never had a female head of state,Never had a female head of state,Never had a female head of state,Never had a female head of state,Never had a female head of state,Never had a female head of state,Never had a female head of state,Never had a female head of state,Never had a female head of state,Never had a female head of state,Never had a female head of state,Never had a female head of state,Never had a female head of state,Never had a female head of state,Never had a female head of state,Never had a female head of state,Never had a female head of state,Never had a female head of state,Never had a female head of state,Never had a female head of state,Never had a female head of state,Never had a female head of state,Never had a female head of state,Never had a female head of state,Never had a female head of state,Never had a female head of state,Never had a female head of state,Never had a female head of state,Never had a female head of state,Never had a female head of state,Never had a female head of state,Never had a female head of state,Never had a female head of state,Never had a female head of state,Never had a female head of state,Never had a female head of state,Never had a female head of state,Never had a female head of state,Never had a female head of state,Never had a female head of state,Never had a female head of state,Never had a female head of state,Never had a female head of state,Never had a female head of state,Never had a female head of state,Never had a female head of state,Never had a female head of state,Never had a female head of state,Never had a female head of state,Never had a female head of state,Never had a female head of state
tza,Tanzania,Never had a female head of state,Never had a female head of state,Never had a female head of state,Never had a female head of state,Never had a female head of state,Never had a female head of state,Never had a female head of state,Never had a female head of state,Never had a female head of state,Never had a female head of state,Never had a female head of state,Never had a female head of state,Never had a female head of state,Never had a female head of state,Never had a female head of state,Never had a female head of state,Never had a female head of state,Never had a female head of state,Never had a female head of state,Never had a female head of state,Never had a female head of state,Never had a female head of state,Never had a female head of state,Never had a female head of state,Never had a female head of state,Never had a female head of state,Never had a female head of state,Never had a female head of state,Never had a female head of state,Never had a female head of state,Never had a female head of state,Never had a female head of state,Never had a female head of state,Never had a female head of state,Never had a female head of state,Never had a female head of state,Never had a female head of state,Never had a female head of state,Never had a female head of state,Never had a female head of state,Never had a female head of state,Never had a female head of state,Never had a female head of state,Never had a female head of state,Never had a female head of state,Never had a female head of state,Never had a female head of state,Never had a female head of state,Never had a female head of state,Never had a female head of state,Never had a female head of state,Never had a female head of state,Never had a female head of state,Never had a female head of state,Never had a female head of state,Never had a female head of state,Never had a female head of state,Never had a female head of state,Never had a female head of state,Never had a female head of state,Never had a female head of state,Never had a female head of state,Never had a female head of state,Never had a female head of state,Never had a female head of state,Never had a female head of state,Never had a female head of state,Never had a female head of state,Had a female head of state
uga,Uganda,Never had a female head of state,Never had a female head of state,Never had a female head of state,Never had a female head of state,Never had a female head of state,Never had a female head of state,Never had a female head of state,Never had a female head of state,Never had a female head of state,Never had a female head of state,Never had a female head of state,Never had a female head of state,Never had a female head of state,Never had a female head of state,Never had a female head of state,Never had a female head of state,Never had a female head of state,Never had a female head of state,Never had a female head of state,Never had a female head of state,Never had a female head of state,Never had a female head of state,Never had a female head of state,Never had a female head of state,Never had a female head of state,Never had a female head of state,Never had a female head of state,Never had a female head of state,Never had a female head of state,Never had a female head of state,Never had a female head of state,Never had a female head of state,Never had a female head of state,Never had a female head of state,Never had a female head of state,Never had a female head of state,Never had a female head of state,Never had a female head of state,Never had a female head of state,Never had a female head of state,Never had a female head of state,Never had a female head of state,Never had a female head of state,Never had a female head of state,Never had a female head of state,Never had a female head of state,Never had a female head of state,Never had a female head of state,Never had a female head of state,Never had a female head of state,Never had a female head of state,Never had a female head of state,Never had a female head of state,Never had a female head of state,Never had a female head of state,Never had a female head of state,Never had a female head of state,Never had a female head of state,Never had a female head of state,Never had a female head of state,Never had a female head of state,Never had a female head of state,Never had a female head of state,Never had a female head of state,Never had a female head of state,Never had a female head of state,Never had a female head of state,Never had a female head of state,Never had a female head of state
ukr,Ukraine,Never had a female head of state,Never had a female head of state,Never had a female head of state,Never had a female head of state,Never had a female head of state,Never had a female head of state,Never had a female head of state,Never had a female head of state,Never had a female head of state,Never had a female head of state,Never had a female head of state,Never had a female head of state,Never had a female head of state,Never had a female head of state,Never had a female head of state,Never had a female head of state,Never had a female head of state,Never had a female head of state,Never had a female head of state,Never had a female head of state,Never had a female head of state,Never had a female head of state,Never had a female head of state,Never had a female head of state,Never had a female head of state,Never had a female head of state,Never had a female head of state,Never had a female head of state,Never had a female head of state,Never had a female head of state,Never had a female head of state,Never had a female head of state,Never had a female head of state,Never had a female head of state,Never had a female head of state,Never had a female head of state,Never had a female head of state,Never had a female head of state,Never had a female head of state,Never had a female head of state,Never had a female head of state,Never had a female head of state,Never had a female head of state,Never had a female head of state,Never had a female head of state,Never had a female head of state,Never had a female head of state,Never had a female head of state,Never had a female head of state,Never had a female head of state,Never had a female head of state,Never had a female head of state,Had a female head of state,Had a female head of state,Had a female head of state,Had a female head of state,Had a female head of state,Had a female head of state,Had a female head of state,Had a female head of state,Had a female head of state,Had a female head of state,Had a female head of state,Had a female head of state,Had a female head of state,Had a female head of state,Had a female head of state,,
ury,Uruguay,Never had a female head of state,Never had a female head of state,Never had a female head of state,Never had a female head of state,Never had a female head of state,Never had a female head of state,Never had a female head of state,Never had a female head of state,Never had a female head of state,Never had a female head of state,Never had a female head of state,Never had a female head of state,Never had a female head of state,Never had a female head of state,Never had a female head of state,Never had a female head of state,Never had a female head of state,Never had a female head of state,Never had a female head of state,Never had a female head of state,Never had a female head of state,Never had a female head of state,Never had a female head of state,Never had a female head of state,Never had a female head of state,Never had a female head of state,Never had a female head of state,Never had a female head of state,Never had a female head of state,Never had a female head of state,Never had a female head of state,Never had a female head of state,Never had a female head of state,Never had a female head of state,Never had a female head of state,Never had a female head of state,Never had a female head of state,Never had a female head of state,Never had a female head of state,Never had a female head of state,Never had a female head of state,Never had a female head of state,Never had a female head of state,Never had a female head of state,Never had a female head of state,Never had a female head of state,Never had a female head of state,Never had a female head of state,Never had a female head of state,Never had a female head of state,Never had a female head of state,Never had a female head of state,Never had a female head of state,Never had a female head of state,Never had a female head of state,Never had a female head of state,Never had a female head of state,Never had a female head of state,Never had a female head of state,Never had a female head of state,Never had a female head of state,Never had a female head of state,Never had a female head of state,Never had a female head of state,Never had a female head of state,Never had a female head of state,Never had a female head of state,Never had a female head of state,Never had a female head of state
usa,USA,Never had a female head of state,Never had a female head of state,Never had a female head of state,Never had a female head of state,Never had a female head of state,Never had a female head of state,Never had a female head of state,Never had a female head of state,Never had a female head of state,Never had a female head of state,Never had a female head of state,Never had a female head of state,Never had a female head of state,Never had a female head of state,Never had a female head of state,Never had a female head of state,Never had a female head of state,Never had a female head of state,Never had a female head of state,Never had a female head of state,Never had a female head of state,Never had a female head of state,Never had a female head of state,Never had a female head of state,Never had a female head of state,Never had a female head of state,Never had a female head of state,Never had a female head of state,Never had a female head of state,Never had a female head of state,Never had a female head of state,Never had a female head of state,Never had a female head of state,Never had a female head of state,Never had a female head of state,Never had a female head of state,Never had a female head of state,Never had a female head of state,Never had a female head of state,Never had a female head of state,Never had a female head of state,Never had a female head of state,Never had a female head of state,Never had a female head of state,Never had a female head of state,Never had a female head of state,Never had a female head of state,Never had a female head of state,Never had a female head of state,Never had a female head of state,Never had a female head of state,Never had a female head of state,Never had a female head of state,Never had a female head of state,Never had a female head of state,Never had a female head of state,Never had a female head of state,Never had a female head of state,Never had a female head of state,Never had a female head of state,Never had a female head of state,Never had a female head of state,Never had a female head of state,Never had a female head of state,Never had a female head of state,Never had a female head of state,Never had a female head of state,Never had a female head of state,Never had a female head of state
uzb,Uzbekistan,Never had a female head of state,Never had a female head of state,Never had a female head of state,Never had a female head of state,Never had a female head of state,Never had a female head of state,Never had a female head of state,Never had a female head of state,Never had a female head of state,Never had a female head of state,Never had a female head of state,Never had a female head of state,Never had a female head of state,Never had a female head of state,Never had a female head of state,Never had a female head of state,Never had a female head of state,Never had a female head of state,Never had a female head of state,Never had a female head of state,Never had a female head of state,Never had a female head of state,Never had a female head of state,Never had a female head of state,Never had a female head of state,Never had a female head of state,Never had a female head of state,Never had a female head of state,Never had a female head of state,Never had a female head of state,Never had a female head of state,Never had a female head of state,Never had a female head of state,Never had a female head of state,Never had a female head of state,Never had a female head of state,Never had a female head of state,Never had a female head of state,Never had a female head of state,Never had a female head of state,Never had a female head of state,Never had a female head of state,Never had a female head of state,Never had a female head of state,Never had a female head of state,Never had a female head of state,Never had a female head of state,Never had a female head of state,Never had a female head of state,Never had a female head of state,Never had a female head of state,Never had a female head of state,Never had a female head of state,Never had a female head of state,Never had a female head of state,Never had a female head of state,Never had a female head of state,Never had a female head of state,Never had a female head of state,Never had a female head of state,Never had a female head of state,Never had a female head of state,Never had a female head of state,Never had a female head of state,Never had a female head of state,Never had a female head of state,Never had a female head of state,Never had a female head of state,Never had a female head of state
vct,St. Vincent and the Grenadines,Never had a female head of state,Never had a female head of state,Never had a female head of state,Never had a female head of state,Never had a female head of state,Never had a female head of state,Never had a female head of state,Never had a female head of state,Never had a female head of state,Never had a female head of state,Never had a female head of state,Never had a female head of state,Never had a female head of state,Never had a female head of state,Never had a female head of state,Never had a female head of state,Never had a female head of state,Never had a female head of state,Never had a female head of state,Never had a female head of state,Never had a female head of state,Never had a female head of state,Never had a female head of state,Never had a female head of state,Never had a female head of state,Never had a female head of state,Never had a female head of state,Never had a female head of state,Never had a female head of state,Never had a female head of state,Never had a female head of state,Never had a female head of state,Never had a female head of state,Never had a female head of state,Never had a female head of state,Never had a female head of state,Never had a female head of state,Never had a female head of state,Never had a female head of state,Never had a female head of state,Never had a female head of state,Never had a female head of state,Never had a female head of state,Never had a female head of state,Never had a female head of state,Never had a female head of state,Never had a female head of state,Never had a female head of state,Never had a female head of state,Never had a female head of state,Never had a female head of state,Never had a female head of state,Never had a female head of state,Never had a female head of state,Never had a female head of state,Never had a female head of state,Never had a female head of state,Never had a female head of state,Never had a female head of state,Never had a female head of state,Never had a female head of state,Never had a female head of state,Never had a female head of state,Never had a female head of state,Never had a female head of state,Never had a female head of state,Never had a female head of state,Never had a female head of state,Never had a female head of state
ven,Venezuela,Never had a female head of state,Never had a female head of state,Never had a female head of state,Never had a female head of state,Never had a female head of state,Never had a female head of state,Never had a female head of state,Never had a female head of state,Never had a female head of state,Never had a female head of state,Never had a female head of state,Never had a female head of state,Never had a female head of state,Never had a female head of state,Never had a female head of state,Never had a female head of state,Never had a female head of state,Never had a female head of state,Never had a female head of state,Never had a female head of state,Never had a female head of state,Never had a female head of state,Never had a female head of state,Never had a female head of state,Never had a female head of state,Never had a female head of state,Never had a female head of state,Never had a female head of state,Never had a female head of state,Never had a female head of state,Never had a female head of state,Never had a female head of state,Never had a female head of state,Never had a female head of state,Never had a female head of state,Never had a female head of state,Never had a female head of state,Never had a female head of state,Never had a female head of state,Never had a female head of state,Never had a female head of state,Never had a female head of state,Never had a female head of state,Never had a female head of state,Never had a female head of state,Never had a female head of state,Never had a female head of state,Never had a female head of state,Never had a female head of state,Never had a female head of state,Never had a female head of state,Never had a female head of state,Never had a female head of state,Never had a female head of state,Never had a female head of state,Never had a female head of state,Never had a female head of state,Never had a female head of state,Never had a female head of state,Never had a female head of state,Never had a female head of state,Never had a female head of state,Never had a female head of state,Never had a female head of state,Never had a female head of state,Never had a female head of state,Never had a female head of state,Never had a female head of state,Never had a female head of state
vnm,Vietnam,Never had a female head of state,Never had a female head of state,Never had a female head of state,Never had a female head of state,Never had a female head of state,Never had a female head of state,Never had a female head of state,Never had a female head of state,Never had a female head of state,Never had a female head of state,Never had a female head of state,Never had a female head of state,Never had a female head of state,Never had a female head of state,Never had a female head of state,Never had a female head of state,Never had a female head of state,Never had a female head of state,Never had a female head of state,Never had a female head of state,Never had a female head of state,Never had a female head of state,Never had a female head of state,Never had a female head of state,Never had a female head of state,Never had a female head of state,Never had a female head of state,Never had a female head of state,Never had a female head of state,Never had a female head of state,Never had a female head of state,Never had a female head of state,Never had a female head of state,Never had a female head of state,Never had a female head of state,Never had a female head of state,Never had a female head of state,Never had a female head of state,Never had a female head of state,Never had a female head of state,Never had a female head of state,Never had a female head of state,Never had a female head of state,Never had a female head of state,Never had a female head of state,Never had a female head of state,Never had a female head of state,Never had a female head of state,Never had a female head of state,Never had a female head of state,Never had a female head of state,Never had a female head of state,Never had a female head of state,Never had a female head of state,Never had a female head of state,Never had a female head of state,Never had a female head of state,Never had a female head of state,Never had a female head of state,Never had a female head of state,Never had a female head of state,Never had a female head of state,Never had a female head of state,Never had a female head of state,Never had a female head of state,Never had a female head of state,Never had a female head of state,Never had a female head of state,Never had a female head of state
vut,Vanuatu,Never had a female head of state,Never had a female head of state,Never had a female head of state,Never had a female head of state,Never had a female head of state,Never had a female head of state,Never had a female head of state,Never had a female head of state,Never had a female head of state,Never had a female head of state,Never had a female head of state,Never had a female head of state,Never had a female head of state,Never had a female head of state,Never had a female head of state,Never had a female head of state,Never had a female head of state,Never had a female head of state,Never had a female head of state,Never had a female head of state,Never had a female head of state,Never had a female head of state,Never had a female head of state,Never had a female head of state,Never had a female head of state,Never had a female head of state,Never had a female head of state,Never had a female head of state,Never had a female head of state,Never had a female head of state,Never had a female head of state,Never had a female head of state,Never had a female head of state,Never had a female head of state,Never had a female head of state,Never had a female head of state,Never had a female head of state,Never had a female head of state,Never had a female head of state,Never had a female head of state,Never had a female head of state,Never had a female head of state,Never had a female head of state,Never had a female head of state,Never had a female head of state,Never had a female head of state,Never had a female head of state,Never had a female head of state,Never had a female head of state,Never had a female head of state,Never had a female head of state,Never had a female head of state,Never had a female head of state,Never had a female head of state,Never had a female head of state,Never had a female head of state,Never had a female head of state,Never had a female head of state,Never had a female head of state,Never had a female head of state,Never had a female head of state,Never had a female head of state,Never had a female head of state,Never had a female head of state,Never had a female head of state,Never had a female head of state,Never had a female head of state,Never had a female head of state,Never had a female head of state
wsm,Samoa,Never had a female head of state,Never had a female head of state,Never had a female head of state,Never had a female head of state,Never had a female head of state,Never had a female head of state,Never had a female head of state,Never had a female head of state,Never had a female head of state,Never had a female head of state,Never had a female head of state,Never had a female head of state,Never had a female head of state,Never had a female head of state,Never had a female head of state,Never had a female head of state,Never had a female head of state,Never had a female head of state,Never had a female head of state,Never had a female head of state,Never had a female head of state,Never had a female head of state,Never had a female head of state,Never had a female head of state,Never had a female head of state,Never had a female head of state,Never had a female head of state,Never had a female head of state,Never had a female head of state,Never had a female head of state,Never had a female head of state,Never had a female head of state,Never had a female head of state,Never had a female head of state,Never had a female head of state,Never had a female head of state,Never had a female head of state,Never had a female head of state,Never had a female head of state,Never had a female head of state,Never had a female head of state,Never had a female head of state,Never had a female head of state,Never had a female head of state,Never had a female head of state,Never had a female head of state,Never had a female head of state,Never had a female head of state,Never had a female head of state,Never had a female head of state,Never had a female head of state,Never had a female head of state,Never had a female head of state,Never had a female head of state,Never had a female head of state,Never had a female head of state,Never had a female head of state,Never had a female head of state,Never had a female head of state,Never had a female head of state,Never had a female head of state,Never had a female head of state,Never had a female head of state,Never had a female head of state,Never had a female head of state,Never had a female head of state,Never had a female head of state,Never had a female head of state,Had a female head of state
yem,Yemen,Never had a female head of state,Never had a female head of state,Never had a female head of state,Never had a female head of state,Never had a female head of state,Never had a female head of state,Never had a female head of state,Never had a female head of state,Never had a female head of state,Never had a female head of state,Never had a female head of state,Never had a female head of state,Never had a female head of state,Never had a female head of state,Never had a female head of state,Never had a female head of state,Never had a female head of state,Never had a female head of state,Never had a female head of state,Never had a female head of state,Never had a female head of state,Never had a female head of state,Never had a female head of state,Never had a female head of state,Never had a female head of state,Never had a female head of state,Never had a female head of state,Never had a female head of state,Never had a female head of state,Never had a female head of state,Never had a female head of state,Never had a female head of state,Never had a female head of state,Never had a female head of state,,,,,,,,,,,,,,,,,,,,,,,,,,,,,,,,,,,
zaf,South Africa,Never had a female head of state,Never had a female head of state,Never had a female head of state,Never had a female head of state,Never had a female head of state,Never had a female head of state,Never had a female head of state,Never had a female head of state,Never had a female head of state,Never had a female head of state,Never had a female head of state,Never had a female head of state,Never had a female head of state,Never had a female head of state,Never had a female head of state,Never had a female head of state,Never had a female head of state,Never had a female head of state,Never had a female head of state,Never had a female head of state,Never had a female head of state,Never had a female head of state,Never had a female head of state,Never had a female head of state,Never had a female head of state,Never had a female head of state,Never had a female head of state,Never had a female head of state,Never had a female head of state,Never had a female head of state,Never had a female head of state,Never had a female head of state,Never had a female head of state,Never had a female head of state,Never had a female head of state,Never had a female head of state,Never had a female head of state,Never had a female head of state,Never had a female head of state,Never had a female head of state,Never had a female head of state,Never had a female head of state,Never had a female head of state,Never had a female head of state,Never had a female head of state,Never had a female head of state,Never had a female head of state,Never had a female head of state,Never had a female head of state,Never had a female head of state,Never had a female head of state,Never had a female head of state,Never had a female head of state,Never had a female head of state,Never had a female head of state,Had a female head of state,Had a female head of state,Had a female head of state,Had a female head of state,Had a female head of state,Had a female head of state,Had a female head of state,Had a female head of state,Had a female head of state,Had a female head of state,Had a female head of state,Had a female head of state,,
